map,preset,seed,human_model,quality,skip_budget,status,orders,target,target_verb,target_obj,served,reward,orders_left,completed,timed_out,makespan_actual_s,makespan_plan_baseline_s,makespan_plan_constrained_s,loss_s,loss_status,prediction_match,prediction_samples,replans,preempted_by_human,rework,human_frames,human_idle_pct,human_move_pct,human_interact_pct,human_task_switches,human_stuck_switches,human_useful_events,human_event_kinds,wall_seconds
experiment,experiment2,0,follow_plan,good,0,ok,OnionLettuceSalad|OnionTomatoSoup|AppleBananaJuice,chop_tomato,chop,tomato,3,45,0,1,0,21.9,16.2,16.2,0.0,ok,1.0,219,38,0,8,219,12.3,25.6,61.6,0,0,100,Assemble:1|Chop:1|Deliver:3|Mix:1|Pickup:50|Put:44,13.4
experiment,experiment2,0,follow_plan,random,4,ok,OnionLettuceSalad|OnionTomatoSoup|AppleBananaJuice,chop_lettuce,chop,lettuce,3,45,0,1,0,21.9,16.2,16.2,0.0,ok,1.0,219,38,0,8,219,12.3,25.6,61.6,0,0,100,Assemble:1|Chop:1|Deliver:3|Mix:1|Pickup:50|Put:44,13.2
experiment,experiment2,0,greedy,random,2,ok,OnionLettuceSalad|OnionTomatoSoup|AppleBananaJuice,chop_lettuce,chop,lettuce,3,45,0,1,0,29.9,16.2,16.2,0.0,ok,0.1806,299,38,0,11,299,0.7,24.1,74.9,12,0,24,Assemble:2|Chop:1|Deliver:3|Mix:1|Pickup:12|Put:5,18.7
experiment,experiment2,0,random,random,0,ok,OnionLettuceSalad|OnionTomatoSoup|AppleBananaJuice,chop_lettuce,chop,lettuce,3,45,0,1,0,48.0,16.2,16.2,0.0,ok,0.1313,480,67,5,8,480,73.8,15.0,11.0,19,2,30,Assemble:2|Chop:2|Deliver:3|Mix:1|Pickup:15|Put:7,31.5
experiment,experiment2,1,follow_plan,bad,4,ok,OnionLettuceSalad|OnionTomatoSoup|AppleOrangeJuice,chop_orange,chop,orange,3,45,0,1,0,21.9,16.2,16.2,0.0,ok,1.0,219,38,0,8,219,11.9,25.6,62.1,0,0,100,Assemble:2|Chop:1|Deliver:3|Mix:1|Pickup:50|Put:43,13.4
experiment,experiment2,1,greedy,bad,2,ok,OnionLettuceSalad|OnionTomatoSoup|AppleOrangeJuice,chop_orange,chop,orange,3,45,0,1,0,26.7,16.2,16.2,0.0,ok,0.2622,267,39,0,9,267,2.6,29.2,67.8,12,0,16,Assemble:1|Chop:1|Deliver:3|Mix:1|Pickup:8|Put:2,19.6
experiment,experiment2,1,random,bad,0,ok,OnionLettuceSalad|OnionTomatoSoup|AppleOrangeJuice,chop_orange,chop,orange,3,45,0,1,0,26.9,16.2,16.4,0.2,ok,0.3643,269,38,3,9,269,29.4,30.5,39.8,14,0,42,Assemble:2|Chop:2|Deliver:3|Mix:1|Pickup:21|Put:13,20.3
experiment,experiment2,2,follow_plan,good,4,ok,OnionLettuceSalad|OnionTomatoSoup|BananaOrangeJuice,chop_tomato,chop,tomato,3,45,0,1,0,21.9,16.4,16.4,0.0,ok,1.0,219,38,0,8,219,12.3,25.6,61.6,0,0,100,Assemble:1|Chop:1|Deliver:3|Mix:1|Pickup:50|Put:44,12.8
experiment,experiment2,2,greedy,good,2,ok,OnionLettuceSalad|OnionTomatoSoup|BananaOrangeJuice,chop_tomato,chop,tomato,3,45,0,1,0,29.9,16.4,16.4,0.0,ok,0.1806,299,38,0,11,299,0.7,24.1,74.9,12,0,24,Assemble:2|Chop:1|Deliver:3|Mix:1|Pickup:12|Put:5,18.6
experiment,experiment2,2,random,good,0,ok,OnionLettuceSalad|OnionTomatoSoup|BananaOrangeJuice,chop_tomato,chop,tomato,3,45,0,1,0,21.9,16.4,16.4,0.0,ok,0.726,219,39,0,8,219,1.4,25.6,72.6,10,0,102,Assemble:2|Chop:1|Deliver:3|Mix:1|Pickup:51|Put:44,18.4
experiment,experiment2,2,random,random,4,ok,OnionLettuceSalad|OnionTomatoSoup|BananaOrangeJuice,chop_banana,chop,banana,3,45,0,1,0,21.9,16.4,16.4,0.0,ok,0.726,219,39,0,8,219,1.4,25.6,72.6,10,0,102,Assemble:2|Chop:1|Deliver:3|Mix:1|Pickup:51|Put:44,18.1
experiment,experiment2,3,follow_plan,random,2,ok,OnionLettuceSalad|TomatoLettuceSoup|AppleBananaJuice,serve_juice_apple_bananajuice,serve_juice,apple-banana juice,3,45,0,1,0,26.7,16.0,16.0,0.0,ok,1.0,267,37,0,7,267,27.0,23.2,49.4,0,0,56,Assemble:3|Chop:1|Deliver:3|Mix:1|Pickup:28|Put:20,14.4
experiment,experiment2,3,greedy,random,0,ok,OnionLettuceSalad|TomatoLettuceSoup|AppleBananaJuice,serve_juice_apple_bananajuice,serve_juice,apple-banana juice,0,0,3,0,1,100.0,16.0,16.0,0.0,ok,0.432,1000,134,0,4,1000,0.0,9.2,90.7,14,8,24,Chop:1|Mix:1|Pickup:12|Put:10,78.0
experiment,experiment2,3,random,bad,4,ok,OnionLettuceSalad|TomatoLettuceSoup|AppleBananaJuice,chop_banana,chop,banana,3,45,0,1,0,40.3,16.0,16.0,0.0,ok,0.1414,403,55,3,9,403,69.2,19.4,11.2,17,1,22,Assemble:1|Chop:2|Deliver:3|Mix:1|Pickup:11|Put:4,26.1
experiment,experiment2,4,follow_plan,bad,2,ok,OnionLettuceSalad|TomatoLettuceSoup|AppleOrangeJuice,chop_apple,chop,apple,3,45,0,1,0,26.7,16.0,16.0,0.0,ok,1.0,267,37,0,7,267,27.0,23.2,49.4,0,0,56,Assemble:3|Chop:1|Deliver:3|Mix:1|Pickup:28|Put:20,14.3
experiment,experiment2,4,greedy,bad,0,ok,OnionLettuceSalad|TomatoLettuceSoup|AppleOrangeJuice,chop_apple,chop,apple,3,45,0,1,0,26.7,16.0,16.0,0.0,ok,0.2622,267,41,0,9,267,2.6,29.2,67.8,12,0,16,Assemble:1|Chop:1|Deliver:3|Mix:1|Pickup:8|Put:2,19.5
experiment,experiment2,4,random,good,4,ok,OnionLettuceSalad|TomatoLettuceSoup|AppleOrangeJuice,chop_tomato,chop,tomato,3,45,0,1,0,26.7,16.0,16.0,0.0,ok,0.2697,267,39,1,9,267,10.9,32.2,56.6,12,0,16,Assemble:1|Chop:1|Deliver:3|Mix:1|Pickup:8|Put:2,19.6
experiment,experiment2,5,follow_plan,good,2,ok,OnionLettuceSalad|TomatoLettuceSoup|BananaOrangeJuice,chop_tomato,chop,tomato,3,45,0,1,0,26.9,16.2,16.2,0.0,ok,1.0,269,37,0,7,269,27.5,23.0,49.1,0,0,56,Assemble:3|Chop:1|Deliver:3|Mix:1|Pickup:28|Put:20,14.5
experiment,experiment2,5,greedy,good,0,ok,OnionLettuceSalad|TomatoLettuceSoup|BananaOrangeJuice,chop_tomato,chop,tomato,3,45,0,1,0,26.9,16.2,16.2,0.0,ok,0.2677,269,40,0,9,269,2.6,29.0,68.0,12,0,18,Assemble:1|Chop:1|Deliver:3|Mix:1|Pickup:9|Put:3,19.9
experiment,experiment2,5,greedy,random,4,ok,OnionLettuceSalad|TomatoLettuceSoup|BananaOrangeJuice,chop_lettuce,chop,lettuce,3,45,0,1,0,26.9,16.2,16.2,0.0,ok,0.2677,269,40,0,9,269,2.6,29.0,68.0,12,0,18,Assemble:1|Chop:1|Deliver:3|Mix:1|Pickup:9|Put:3,20.5
experiment,experiment2,5,random,random,2,ok,OnionLettuceSalad|TomatoLettuceSoup|BananaOrangeJuice,chop_lettuce,chop,lettuce,1,15,2,0,1,100.0,16.2,16.2,0.0,ok,0.762,1000,249,3,5,1000,10.2,5.5,84.2,14,0,818,Assemble:1|Chop:3|Deliver:1|Mix:1|Pickup:410|Put:402,85.6
experiment,experiment2,6,follow_plan,random,0,ok,OnionTomatoSalad|OnionLettuceSoup|AppleBananaJuice,chop_apple,chop,apple,3,45,0,1,0,31.1,16.2,16.4,0.2,ok,1.0,311,34,0,6,311,27.0,17.4,55.3,0,0,50,Assemble:3|Chop:1|Deliver:3|Mix:1|Pickup:25|Put:17,14.2
experiment,experiment2,6,greedy,bad,4,ok,OnionTomatoSalad|OnionLettuceSoup|AppleBananaJuice,chop_banana,chop,banana,3,45,0,1,0,47.4,16.2,16.2,0.0,ok,0.1076,474,57,0,9,474,0.4,17.3,82.1,14,3,20,Assemble:2|Chop:1|Deliver:3|Mix:1|Pickup:10|Put:3,28.6
experiment,experiment2,6,random,bad,2,ok,OnionTomatoSalad|OnionLettuceSoup|AppleBananaJuice,chop_banana,chop,banana,3,45,0,1,0,36.8,16.2,16.2,0.0,ok,0.125,368,47,4,11,368,62.5,25.0,12.2,15,1,22,Assemble:1|Chop:2|Deliver:3|Mix:1|Pickup:11|Put:4,23.1
experiment,experiment2,7,follow_plan,bad,0,ok,OnionTomatoSalad|OnionLettuceSoup|AppleOrangeJuice,chop_apple,chop,apple,3,45,0,1,0,30.9,16.2,16.4,0.2,ok,1.0,309,34,0,6,309,27.2,17.5,55.0,0,0,48,Assemble:3|Chop:1|Deliver:3|Mix:1|Pickup:24|Put:16,14.7
experiment,experiment2,7,greedy,good,4,ok,OnionTomatoSalad|OnionLettuceSoup|AppleOrangeJuice,chop_onion,chop,onion,3,45,0,1,0,47.4,16.2,16.2,0.0,ok,0.1076,474,57,0,9,474,0.4,17.3,82.1,14,3,20,Assemble:2|Chop:1|Deliver:3|Mix:1|Pickup:10|Put:3,28.4
experiment,experiment2,7,random,good,2,ok,OnionTomatoSalad|OnionLettuceSoup|AppleOrangeJuice,chop_onion,chop,onion,2,30,1,0,1,100.0,16.2,16.2,0.0,ok,0.412,1000,142,4,6,1000,51.1,9.4,39.4,20,8,28,Assemble:2|Chop:2|Deliver:2|Mix:1|Pickup:14|Put:7,49.5
experiment,experiment2,8,follow_plan,good,0,ok,OnionTomatoSalad|OnionLettuceSoup|BananaOrangeJuice,chop_onion,chop,onion,3,45,0,1,0,30.7,16.4,16.4,0.0,ok,1.0,307,41,0,16,307,26.7,16.6,56.4,0,0,90,Assemble:3|Chop:1|Deliver:3|Mix:1|Pickup:45|Put:37,15.6
experiment,experiment2,8,follow_plan,random,4,ok,OnionTomatoSalad|OnionLettuceSoup|BananaOrangeJuice,chop_onion,chop,onion,3,45,0,1,0,28.5,16.4,16.4,0.0,ok,1.0,285,42,0,6,285,26.7,17.2,55.8,0,0,78,Assemble:3|Chop:1|Deliver:3|Mix:1|Pickup:39|Put:31,14.1
experiment,experiment2,8,greedy,random,2,ok,OnionTomatoSalad|OnionLettuceSoup|BananaOrangeJuice,chop_onion,chop,onion,3,45,0,1,0,47.7,16.4,16.4,0.0,ok,0.1195,477,56,0,11,477,0.4,18.4,80.9,14,2,26,Assemble:2|Chop:1|Deliver:3|Mix:1|Pickup:13|Put:6,32.6
experiment,experiment2,8,random,random,0,ok,OnionTomatoSalad|OnionLettuceSoup|BananaOrangeJuice,chop_onion,chop,onion,3,45,0,1,0,30.7,16.4,16.4,0.0,ok,0.5505,307,43,2,16,307,37.1,16.9,45.6,11,1,38,Assemble:2|Chop:1|Deliver:3|Mix:1|Pickup:19|Put:12,18.7
experiment,experiment2,9,follow_plan,bad,4,ok,OnionTomatoSalad|TomatoLettuceSoup|AppleBananaJuice,chop_banana,chop,banana,3,45,0,1,0,26.7,13.7,13.7,0.0,ok,1.0,267,34,0,6,267,25.1,29.2,45.3,0,0,24,Assemble:1|Chop:2|Deliver:3|Mix:1|Pickup:12|Put:5,12.8
experiment,experiment2,9,greedy,bad,2,ok,OnionTomatoSalad|TomatoLettuceSoup|AppleBananaJuice,chop_banana,chop,banana,3,45,0,1,0,26.7,13.7,13.7,0.0,ok,0.4569,267,39,0,8,267,2.6,34.5,62.5,13,0,24,Assemble:2|Chop:2|Deliver:3|Mix:1|Pickup:12|Put:4,17.1
experiment,experiment2,9,random,bad,0,ok,OnionTomatoSalad|TomatoLettuceSoup|AppleBananaJuice,chop_banana,chop,banana,3,45,0,1,0,51.2,13.7,14.1,0.4,ok,0.3652,512,65,2,6,512,22.7,23.4,53.7,23,3,30,Assemble:1|Chop:3|Deliver:3|Mix:1|Pickup:15|Put:7,30.1
experiment,experiment2,10,follow_plan,good,4,ok,OnionTomatoSalad|TomatoLettuceSoup|AppleOrangeJuice,chop_tomato,chop,tomato,3,45,0,1,0,26.7,13.7,13.7,0.0,ok,1.0,267,34,0,6,267,25.1,29.2,45.3,0,0,24,Assemble:1|Chop:2|Deliver:3|Mix:1|Pickup:12|Put:5,12.8
experiment,experiment2,10,greedy,good,2,ok,OnionTomatoSalad|TomatoLettuceSoup|AppleOrangeJuice,chop_tomato,chop,tomato,3,45,0,1,0,26.7,13.7,13.7,0.0,ok,0.4569,267,39,0,8,267,2.6,34.5,62.5,13,0,24,Assemble:2|Chop:2|Deliver:3|Mix:1|Pickup:12|Put:4,17.5
experiment,experiment2,10,random,good,0,ok,OnionTomatoSalad|TomatoLettuceSoup|AppleOrangeJuice,chop_tomato,chop,tomato,3,45,0,1,0,26.7,13.7,13.7,0.0,ok,0.5918,267,37,2,7,267,0.0,37.5,62.2,16,0,36,Assemble:3|Chop:3|Deliver:3|Mix:1|Pickup:18|Put:8,17.2
experiment,experiment2,10,random,random,4,ok,OnionTomatoSalad|TomatoLettuceSoup|AppleOrangeJuice,serve_juice_apple_orangejuice,serve_juice,apple-orange juice,3,45,0,1,0,26.7,13.7,13.7,0.0,ok,0.5918,267,37,2,7,267,0.0,37.5,62.2,16,0,36,Assemble:3|Chop:3|Deliver:3|Mix:1|Pickup:18|Put:8,17.7
experiment,experiment2,11,follow_plan,random,2,ok,OnionTomatoSalad|TomatoLettuceSoup|BananaOrangeJuice,mix_orange_bananajuice,mix,orange-banana juice,3,45,0,1,0,26.9,13.9,13.9,0.0,ok,1.0,269,33,0,6,269,24.9,28.3,46.5,0,0,28,Assemble:1|Chop:2|Deliver:3|Mix:1|Pickup:14|Put:7,12.5
experiment,experiment2,11,greedy,random,0,ok,OnionTomatoSalad|TomatoLettuceSoup|BananaOrangeJuice,mix_orange_bananajuice,mix,orange-banana juice,0,0,3,0,1,100.0,13.9,16.6,2.7,ok,0.013,1000,134,0,3,1000,0.0,6.6,93.3,11,9,13,Chop:2|Mix:1|Pickup:7|Put:3,70.7
experiment,experiment2,11,random,bad,4,ok,OnionTomatoSalad|TomatoLettuceSoup|BananaOrangeJuice,chop_orange,chop,orange,3,45,0,1,0,30.7,13.9,13.9,0.0,ok,0.2671,307,46,3,8,307,35.8,31.3,32.6,21,0,38,Assemble:2|Chop:3|Deliver:3|Mix:1|Pickup:19|Put:10,19.8
experiment,experiment2,12,follow_plan,bad,2,ok,TomatoLettuceSalad|OnionLettuceSoup|AppleBananaJuice,chop_banana,chop,banana,3,45,0,1,0,31.3,16.0,16.2,0.2,ok,1.0,313,38,0,11,313,18.5,19.5,61.7,0,0,42,Assemble:2|Chop:1|Deliver:3|Mix:1|Pickup:21|Put:14,14.4
experiment,experiment2,12,greedy,bad,0,ok,TomatoLettuceSalad|OnionLettuceSoup|AppleBananaJuice,chop_banana,chop,banana,3,45,0,1,0,32.9,16.0,16.8,0.8,ok,0.3556,329,38,0,10,329,2.1,25.5,72.0,12,0,22,Assemble:3|Chop:1|Deliver:3|Mix:1|Pickup:11|Put:3,20.4
experiment,experiment2,12,random,good,4,ok,TomatoLettuceSalad|OnionLettuceSoup|AppleBananaJuice,chop_onion,chop,onion,3,45,0,1,0,34.3,16.0,16.0,0.0,ok,0.2478,343,43,3,11,343,60.3,18.1,21.3,13,2,46,Assemble:3|Chop:1|Deliver:3|Mix:1|Pickup:23|Put:15,21.8
experiment,experiment2,13,follow_plan,good,2,ok,TomatoLettuceSalad|OnionLettuceSoup|AppleOrangeJuice,chop_onion,chop,onion,3,45,0,1,0,28.3,16.0,16.2,0.2,ok,1.0,283,43,0,6,283,26.1,17.3,56.2,0,0,78,Assemble:3|Chop:1|Deliver:3|Mix:1|Pickup:39|Put:31,14.9
experiment,experiment2,13,greedy,good,0,ok,TomatoLettuceSalad|OnionLettuceSoup|AppleOrangeJuice,chop_onion,chop,onion,3,45,0,1,0,30.3,16.0,16.2,0.2,ok,0.1353,303,42,0,11,303,0.7,23.8,75.2,12,0,18,Assemble:2|Chop:1|Deliver:3|Mix:1|Pickup:9|Put:2,18.3
experiment,experiment2,13,greedy,random,4,ok,TomatoLettuceSalad|OnionLettuceSoup|AppleOrangeJuice,serve_juice_apple_orangejuice,serve_juice,apple-orange juice,3,45,0,1,0,48.1,16.0,16.0,0.0,ok,0.131,481,58,0,10,481,1.9,16.4,81.5,14,2,19,Assemble:1|Chop:1|Deliver:3|Mix:1|Pickup:10|Put:3,33.2
experiment,experiment2,13,random,random,2,ok,TomatoLettuceSalad|OnionLettuceSoup|AppleOrangeJuice,serve_juice_apple_orangejuice,serve_juice,apple-orange juice,3,45,0,1,0,36.1,16.0,16.0,0.0,ok,0.1302,361,47,5,10,361,66.8,21.1,11.9,15,1,20,Assemble:2|Chop:2|Deliver:3|Mix:1|Pickup:10|Put:2,24.5
experiment,experiment2,14,follow_plan,random,0,ok,TomatoLettuceSalad|OnionLettuceSoup|BananaOrangeJuice,chop_onion,chop,onion,3,45,0,1,0,22.3,16.2,16.4,0.2,ok,1.0,223,46,0,8,223,33.2,27.8,38.6,0,0,70,Assemble:2|Chop:1|Deliver:3|Mix:1|Pickup:35|Put:28,13.8
experiment,experiment2,14,greedy,bad,4,ok,TomatoLettuceSalad|OnionLettuceSoup|BananaOrangeJuice,chop_orange,chop,orange,3,45,0,1,0,48.3,16.2,16.2,0.0,ok,0.1429,483,57,0,10,483,1.2,17.6,81.0,14,2,21,Assemble:1|Chop:1|Deliver:3|Mix:1|Pickup:11|Put:4,33.5
experiment,experiment2,14,random,bad,2,ok,TomatoLettuceSalad|OnionLettuceSoup|BananaOrangeJuice,chop_orange,chop,orange,3,45,0,1,0,58.7,16.2,16.2,0.0,ok,0.2572,587,76,4,8,587,41.4,21.1,37.3,18,3,95,Assemble:1|Chop:3|Deliver:3|Mix:1|Pickup:48|Put:39,40.7
experiment,experiment2,15,follow_plan,bad,0,ok,TomatoLettuceSalad|OnionTomatoSoup|AppleBananaJuice,chop_apple,chop,apple,3,45,0,1,0,25.9,13.7,13.9,0.2,ok,1.0,259,39,0,6,259,10.8,30.1,58.7,0,0,80,Assemble:1|Chop:2|Deliver:3|Mix:1|Pickup:40|Put:33,13.7
experiment,experiment2,15,greedy,good,4,ok,TomatoLettuceSalad|OnionTomatoSoup|AppleBananaJuice,chop_tomato,chop,tomato,3,45,0,1,0,37.8,13.7,13.7,0.0,ok,0.2354,378,40,0,9,378,0.5,26.5,72.8,18,1,30,Assemble:3|Chop:3|Deliver:3|Mix:1|Pickup:15|Put:5,23.3
experiment,experiment2,15,random,good,2,ok,TomatoLettuceSalad|OnionTomatoSoup|AppleBananaJuice,chop_tomato,chop,tomato,3,45,0,1,0,58.6,13.7,13.7,0.0,ok,0.2491,586,70,4,9,586,65.9,15.4,18.6,19,3,78,Assemble:2|Chop:3|Deliver:3|Mix:1|Pickup:39|Put:30,41.7
experiment,experiment2,16,follow_plan,good,0,ok,TomatoLettuceSalad|OnionTomatoSoup|AppleOrangeJuice,chop_tomato,chop,tomato,3,45,0,1,0,25.7,13.7,13.7,0.0,ok,1.0,257,36,0,6,257,13.2,25.7,60.7,0,0,68,Assemble:3|Chop:2|Deliver:3|Mix:1|Pickup:34|Put:25,13.5
experiment,experiment2,16,follow_plan,random,4,ok,TomatoLettuceSalad|OnionTomatoSoup|AppleOrangeJuice,chop_lettuce,chop,lettuce,3,45,0,1,0,25.7,13.7,13.7,0.0,ok,1.0,257,36,0,6,257,13.2,25.7,60.7,0,0,68,Assemble:3|Chop:2|Deliver:3|Mix:1|Pickup:34|Put:25,12.6
experiment,experiment2,16,greedy,random,2,ok,TomatoLettuceSalad|OnionTomatoSoup|AppleOrangeJuice,chop_lettuce,chop,lettuce,3,45,0,1,0,37.8,13.7,13.7,0.0,ok,0.2354,378,40,0,9,378,0.5,26.5,72.8,18,1,30,Assemble:3|Chop:3|Deliver:3|Mix:1|Pickup:15|Put:5,22.7
experiment,experiment2,16,random,random,0,ok,TomatoLettuceSalad|OnionTomatoSoup|AppleOrangeJuice,chop_lettuce,chop,lettuce,3,45,0,1,0,57.5,13.7,13.7,0.0,ok,0.1565,575,68,5,9,575,69.6,14.6,15.7,22,3,28,Assemble:2|Chop:3|Deliver:3|Mix:1|Pickup:14|Put:5,35.8
experiment,experiment2,17,follow_plan,bad,4,ok,TomatoLettuceSalad|OnionTomatoSoup|BananaOrangeJuice,chop_banana,chop,banana,3,45,0,1,0,25.9,13.9,13.9,0.0,ok,1.0,259,38,0,6,259,13.9,25.5,60.2,0,0,68,Assemble:3|Chop:2|Deliver:3|Mix:1|Pickup:34|Put:25,12.9
experiment,experiment2,17,greedy,bad,2,ok,TomatoLettuceSalad|OnionTomatoSoup|BananaOrangeJuice,chop_banana,chop,banana,3,45,0,1,0,38.0,13.9,13.9,0.0,ok,0.2395,380,43,0,9,380,0.5,26.3,72.9,18,1,32,Assemble:3|Chop:3|Deliver:3|Mix:1|Pickup:16|Put:6,23.2
experiment,experiment2,17,random,bad,0,ok,TomatoLettuceSalad|OnionTomatoSoup|BananaOrangeJuice,chop_banana,chop,banana,3,45,0,1,0,42.1,13.9,14.3,0.4,ok,0.3563,421,55,1,10,421,20.9,23.3,55.6,19,1,28,Assemble:2|Chop:3|Deliver:3|Mix:1|Pickup:14|Put:5,27.4
experiment,experiment2,0,follow_plan,good,2,ok,OnionLettuceSalad|OnionTomatoSoup|AppleBananaJuice,chop_tomato,chop,tomato,3,45,0,1,0,21.9,16.2,16.2,0.0,ok,1.0,219,38,0,8,219,12.3,25.6,61.6,0,0,100,Assemble:1|Chop:1|Deliver:3|Mix:1|Pickup:50|Put:44,13.4
experiment,experiment2,0,greedy,good,0,ok,OnionLettuceSalad|OnionTomatoSoup|AppleBananaJuice,chop_tomato,chop,tomato,3,45,0,1,0,29.9,16.2,16.2,0.0,ok,0.1806,299,38,0,11,299,0.7,24.1,74.9,12,0,24,Assemble:2|Chop:1|Deliver:3|Mix:1|Pickup:12|Put:5,18.6
experiment,experiment2,0,greedy,random,4,ok,OnionLettuceSalad|OnionTomatoSoup|AppleBananaJuice,chop_lettuce,chop,lettuce,3,45,0,1,0,29.9,16.2,16.2,0.0,ok,0.1806,299,38,0,11,299,0.7,24.1,74.9,12,0,24,Assemble:2|Chop:1|Deliver:3|Mix:1|Pickup:12|Put:5,19.2
experiment,experiment2,0,random,random,2,ok,OnionLettuceSalad|OnionTomatoSoup|AppleBananaJuice,chop_lettuce,chop,lettuce,3,45,0,1,0,48.0,16.2,16.2,0.0,ok,0.1313,480,67,5,8,480,73.8,15.0,11.0,19,2,30,Assemble:2|Chop:2|Deliver:3|Mix:1|Pickup:15|Put:7,31.5
experiment,experiment2,1,follow_plan,random,0,ok,OnionLettuceSalad|OnionTomatoSoup|AppleOrangeJuice,chop_tomato,chop,tomato,3,45,0,1,0,21.9,16.2,16.2,0.0,ok,1.0,219,38,0,8,219,11.9,25.6,62.1,0,0,100,Assemble:2|Chop:1|Deliver:3|Mix:1|Pickup:50|Put:43,12.8
experiment,experiment2,1,greedy,bad,4,ok,OnionLettuceSalad|OnionTomatoSoup|AppleOrangeJuice,chop_orange,chop,orange,3,45,0,1,0,29.9,16.2,16.2,0.0,ok,0.1739,299,38,0,11,299,0.7,24.1,74.9,12,0,22,Assemble:2|Chop:1|Deliver:3|Mix:1|Pickup:11|Put:4,18.7
experiment,experiment2,1,random,bad,2,ok,OnionLettuceSalad|OnionTomatoSoup|AppleOrangeJuice,chop_orange,chop,orange,3,45,0,1,0,26.7,16.2,16.2,0.0,ok,0.3596,267,37,3,9,267,29.6,30.7,39.3,14,0,40,Assemble:2|Chop:2|Deliver:3|Mix:1|Pickup:20|Put:12,19.9
experiment,experiment2,2,follow_plan,bad,0,ok,OnionLettuceSalad|OnionTomatoSoup|BananaOrangeJuice,chop_banana,chop,banana,3,45,0,1,0,27.1,16.4,16.6,0.2,ok,1.0,271,36,0,7,271,28.0,22.9,48.7,0,0,58,Assemble:3|Chop:1|Deliver:3|Mix:1|Pickup:29|Put:21,14.6
experiment,experiment2,2,greedy,good,4,ok,OnionLettuceSalad|OnionTomatoSoup|BananaOrangeJuice,chop_tomato,chop,tomato,3,45,0,1,0,29.9,16.4,16.4,0.0,ok,0.1806,299,38,0,11,299,0.7,24.1,74.9,12,0,24,Assemble:2|Chop:1|Deliver:3|Mix:1|Pickup:12|Put:5,18.5
experiment,experiment2,2,random,good,2,ok,OnionLettuceSalad|OnionTomatoSoup|BananaOrangeJuice,chop_tomato,chop,tomato,3,45,0,1,0,21.9,16.4,16.4,0.0,ok,0.726,219,39,0,8,219,1.4,25.6,72.6,10,0,102,Assemble:2|Chop:1|Deliver:3|Mix:1|Pickup:51|Put:44,18.3
experiment,experiment2,3,follow_plan,good,0,ok,OnionLettuceSalad|TomatoLettuceSoup|AppleBananaJuice,chop_lettuce,chop,lettuce,3,45,0,1,0,25.9,16.0,16.0,0.0,ok,1.0,259,44,0,8,259,40.9,20.1,38.6,0,0,41,Assemble:2|Chop:1|Deliver:3|Mix:1|Pickup:21|Put:13,15.8
experiment,experiment2,3,follow_plan,random,4,ok,OnionLettuceSalad|TomatoLettuceSoup|AppleBananaJuice,serve_juice_apple_bananajuice,serve_juice,apple-banana juice,3,45,0,1,0,26.7,16.0,16.0,0.0,ok,1.0,267,37,0,7,267,27.0,23.2,49.4,0,0,56,Assemble:3|Chop:1|Deliver:3|Mix:1|Pickup:28|Put:20,14.3
experiment,experiment2,3,greedy,random,2,ok,OnionLettuceSalad|TomatoLettuceSoup|AppleBananaJuice,serve_juice_apple_bananajuice,serve_juice,apple-banana juice,3,45,0,1,0,26.7,16.0,16.0,0.0,ok,0.2622,267,41,0,9,267,2.6,29.2,67.8,12,0,16,Assemble:1|Chop:1|Deliver:3|Mix:1|Pickup:8|Put:2,19.5
experiment,experiment2,3,random,random,0,ok,OnionLettuceSalad|TomatoLettuceSoup|AppleBananaJuice,serve_juice_apple_bananajuice,serve_juice,apple-banana juice,2,30,1,0,1,100.0,16.0,16.0,0.0,ok,0.254,1000,143,3,7,1000,43.8,11.8,44.3,21,7,96,Assemble:2|Chop:2|Deliver:2|Mix:1|Pickup:48|Put:41,60.5
experiment,experiment2,4,follow_plan,bad,4,ok,OnionLettuceSalad|TomatoLettuceSoup|AppleOrangeJuice,chop_apple,chop,apple,3,45,0,1,0,26.7,16.0,16.0,0.0,ok,1.0,267,37,0,7,267,27.0,23.2,49.4,0,0,56,Assemble:3|Chop:1|Deliver:3|Mix:1|Pickup:28|Put:20,14.2
experiment,experiment2,4,greedy,bad,2,ok,OnionLettuceSalad|TomatoLettuceSoup|AppleOrangeJuice,chop_apple,chop,apple,3,45,0,1,0,26.7,16.0,16.0,0.0,ok,0.2622,267,41,0,9,267,2.6,29.2,67.8,12,0,16,Assemble:1|Chop:1|Deliver:3|Mix:1|Pickup:8|Put:2,19.2
experiment,experiment2,4,random,bad,0,ok,OnionLettuceSalad|TomatoLettuceSoup|AppleOrangeJuice,chop_apple,chop,apple,3,45,0,1,0,26.7,16.0,16.0,0.0,ok,0.2697,267,39,1,9,267,10.9,32.2,56.6,12,0,16,Assemble:1|Chop:1|Deliver:3|Mix:1|Pickup:8|Put:2,19.4
experiment,experiment2,5,follow_plan,good,4,ok,OnionLettuceSalad|TomatoLettuceSoup|BananaOrangeJuice,chop_tomato,chop,tomato,3,45,0,1,0,26.9,16.2,16.2,0.0,ok,1.0,269,37,0,7,269,27.5,23.0,49.1,0,0,56,Assemble:3|Chop:1|Deliver:3|Mix:1|Pickup:28|Put:20,14.1
experiment,experiment2,5,greedy,good,2,ok,OnionLettuceSalad|TomatoLettuceSoup|BananaOrangeJuice,chop_tomato,chop,tomato,3,45,0,1,0,26.9,16.2,16.2,0.0,ok,0.2677,269,40,0,9,269,2.6,29.0,68.0,12,0,18,Assemble:1|Chop:1|Deliver:3|Mix:1|Pickup:9|Put:3,19.9
experiment,experiment2,5,random,good,0,ok,OnionLettuceSalad|TomatoLettuceSoup|BananaOrangeJuice,chop_tomato,chop,tomato,0,0,3,0,1,100.0,16.2,16.2,0.0,ok,0.051,1000,122,2,6,1000,0.0,4.8,95.1,7,0,936,Assemble:1|Chop:2|Mix:1|Pickup:468|Put:464,109.2
experiment,experiment2,5,random,random,4,ok,OnionLettuceSalad|TomatoLettuceSoup|BananaOrangeJuice,chop_lettuce,chop,lettuce,0,0,3,0,1,100.0,16.2,16.2,0.0,ok,0.051,1000,122,2,6,1000,0.0,4.8,95.1,7,0,936,Assemble:1|Chop:2|Mix:1|Pickup:468|Put:464,106.3
experiment,experiment2,6,follow_plan,random,2,ok,OnionTomatoSalad|OnionLettuceSoup|AppleBananaJuice,chop_apple,chop,apple,3,45,0,1,0,28.3,16.2,16.2,0.0,ok,1.0,283,43,0,6,283,26.1,17.3,56.2,0,0,78,Assemble:3|Chop:1|Deliver:3|Mix:1|Pickup:39|Put:31,13.6
experiment,experiment2,6,greedy,random,0,ok,OnionTomatoSalad|OnionLettuceSoup|AppleBananaJuice,chop_apple,chop,apple,3,45,0,1,0,30.9,16.2,16.4,0.2,ok,0.5016,309,39,0,8,309,2.3,20.7,76.7,11,0,56,Assemble:3|Chop:1|Deliver:3|Mix:1|Pickup:28|Put:20,19.1
experiment,experiment2,6,random,bad,4,ok,OnionTomatoSalad|OnionLettuceSoup|AppleBananaJuice,chop_banana,chop,banana,3,45,0,1,0,54.1,16.2,16.2,0.0,ok,0.1128,541,73,2,6,541,74.5,15.2,10.2,16,4,32,Assemble:2|Chop:2|Deliver:3|Mix:1|Pickup:16|Put:8,28.0
experiment,experiment2,7,follow_plan,bad,2,ok,OnionTomatoSalad|OnionLettuceSoup|AppleOrangeJuice,chop_apple,chop,apple,3,45,0,1,0,28.3,16.2,16.2,0.0,ok,1.0,283,43,0,6,283,26.1,17.3,56.2,0,0,78,Assemble:3|Chop:1|Deliver:3|Mix:1|Pickup:39|Put:31,14.5
experiment,experiment2,7,greedy,bad,0,ok,OnionTomatoSalad|OnionLettuceSoup|AppleOrangeJuice,chop_apple,chop,apple,3,45,0,1,0,30.7,16.2,16.4,0.2,ok,0.5342,307,39,0,8,307,2.3,20.8,76.5,11,0,54,Assemble:3|Chop:1|Deliver:3|Mix:1|Pickup:27|Put:19,19.6
experiment,experiment2,7,random,good,4,ok,OnionTomatoSalad|OnionLettuceSoup|AppleOrangeJuice,chop_onion,chop,onion,3,45,0,1,0,32.3,16.2,16.2,0.0,ok,0.1889,323,47,3,6,323,31.9,22.9,44.9,16,2,22,Assemble:2|Chop:2|Deliver:3|Mix:1|Pickup:11|Put:3,18.0
experiment,experiment2,8,follow_plan,good,2,ok,OnionTomatoSalad|OnionLettuceSoup|BananaOrangeJuice,chop_onion,chop,onion,1,15,2,0,1,100.0,16.4,16.4,0.0,ok,1.0,1000,129,0,6,1000,6.7,4.5,88.7,0,0,872,Assemble:1|Chop:1|Deliver:1|Mix:1|Pickup:437|Put:431,54.7
experiment,experiment2,8,greedy,good,0,ok,OnionTomatoSalad|OnionLettuceSoup|BananaOrangeJuice,chop_onion,chop,onion,3,45,0,1,0,49.6,16.4,16.4,0.0,ok,0.1552,496,59,0,19,496,0.4,16.5,82.9,14,3,42,Assemble:2|Chop:1|Deliver:3|Mix:1|Pickup:21|Put:14,30.6
experiment,experiment2,8,greedy,random,4,ok,OnionTomatoSalad|OnionLettuceSoup|BananaOrangeJuice,chop_onion,chop,onion,3,45,0,1,0,47.4,16.4,16.4,0.0,ok,0.1076,474,57,0,9,474,0.4,17.3,82.1,14,3,20,Assemble:2|Chop:1|Deliver:3|Mix:1|Pickup:10|Put:3,28.8
experiment,experiment2,8,random,random,2,ok,OnionTomatoSalad|OnionLettuceSoup|BananaOrangeJuice,chop_onion,chop,onion,3,45,0,1,0,67.8,16.4,16.4,0.0,ok,0.1239,678,85,6,8,678,61.9,15.0,22.9,18,4,39,Assemble:2|Chop:2|Deliver:3|Mix:1|Pickup:20|Put:11,42.1
experiment,experiment2,9,follow_plan,random,0,ok,OnionTomatoSalad|TomatoLettuceSoup|AppleBananaJuice,cook_lettuce_tomatosoup,cook,lettuce-tomato soup,3,45,0,1,0,26.7,13.7,13.7,0.0,ok,1.0,267,34,0,6,267,25.1,29.2,45.3,0,0,24,Assemble:1|Chop:2|Deliver:3|Mix:1|Pickup:12|Put:5,12.3
experiment,experiment2,9,greedy,bad,4,ok,OnionTomatoSalad|TomatoLettuceSoup|AppleBananaJuice,chop_banana,chop,banana,3,45,0,1,0,26.7,13.7,13.7,0.0,ok,0.4569,267,39,0,8,267,2.6,34.5,62.5,13,0,24,Assemble:2|Chop:2|Deliver:3|Mix:1|Pickup:12|Put:4,17.3
experiment,experiment2,9,random,bad,2,ok,OnionTomatoSalad|TomatoLettuceSoup|AppleBananaJuice,chop_banana,chop,banana,3,45,0,1,0,35.7,13.7,13.7,0.0,ok,0.5126,357,47,1,7,357,1.7,28.0,70.0,15,1,28,Assemble:3|Chop:2|Deliver:3|Mix:1|Pickup:14|Put:5,23.0
experiment,experiment2,10,follow_plan,bad,0,ok,OnionTomatoSalad|TomatoLettuceSoup|AppleOrangeJuice,chop_apple,chop,apple,3,45,0,1,0,26.7,13.7,13.7,0.0,ok,1.0,267,34,0,6,267,25.1,29.2,45.3,0,0,24,Assemble:1|Chop:2|Deliver:3|Mix:1|Pickup:12|Put:5,12.3
experiment,experiment2,10,greedy,good,4,ok,OnionTomatoSalad|TomatoLettuceSoup|AppleOrangeJuice,chop_tomato,chop,tomato,3,45,0,1,0,26.7,13.7,13.7,0.0,ok,0.4569,267,39,0,8,267,2.6,34.5,62.5,13,0,24,Assemble:2|Chop:2|Deliver:3|Mix:1|Pickup:12|Put:4,17.1
experiment,experiment2,10,random,good,2,ok,OnionTomatoSalad|TomatoLettuceSoup|AppleOrangeJuice,chop_tomato,chop,tomato,3,45,0,1,0,26.7,13.7,13.7,0.0,ok,0.5918,267,37,2,7,267,0.0,37.5,62.2,16,0,36,Assemble:3|Chop:3|Deliver:3|Mix:1|Pickup:18|Put:8,17.7
experiment,experiment2,11,follow_plan,good,0,ok,OnionTomatoSalad|TomatoLettuceSoup|BananaOrangeJuice,chop_lettuce,chop,lettuce,0,0,3,0,1,100.0,13.9,14.9,1.0,ok,1.0,1000,136,0,7,1000,0.7,2.9,96.3,0,0,7,Chop:2|Pickup:4|Put:1,53.7
experiment,experiment2,11,follow_plan,random,4,ok,OnionTomatoSalad|TomatoLettuceSoup|BananaOrangeJuice,mix_orange_bananajuice,mix,orange-banana juice,3,45,0,1,0,26.9,13.9,13.9,0.0,ok,1.0,269,33,0,6,269,24.9,28.3,46.5,0,0,28,Assemble:1|Chop:2|Deliver:3|Mix:1|Pickup:14|Put:7,13.4
experiment,experiment2,11,greedy,random,2,ok,OnionTomatoSalad|TomatoLettuceSoup|BananaOrangeJuice,mix_orange_bananajuice,mix,orange-banana juice,3,45,0,1,0,26.9,13.9,13.9,0.0,ok,0.4015,269,38,0,8,269,2.6,34.2,62.8,15,0,18,Assemble:1|Chop:2|Deliver:3|Mix:1|Pickup:9|Put:2,18.4
experiment,experiment2,11,random,random,0,ok,OnionTomatoSalad|TomatoLettuceSoup|BananaOrangeJuice,mix_orange_bananajuice,mix,orange-banana juice,0,0,3,0,1,100.0,13.9,16.6,2.7,ok,0.013,1000,136,0,3,1000,0.0,6.6,93.3,13,9,15,Chop:3|Mix:1|Pickup:8|Put:3,75.3
experiment,experiment2,12,follow_plan,bad,4,ok,TomatoLettuceSalad|OnionLettuceSoup|AppleBananaJuice,chop_banana,chop,banana,1,15,2,0,1,100.0,16.0,16.0,0.0,ok,1.0,1000,130,0,6,1000,6.3,4.5,89.1,0,0,876,Assemble:1|Chop:1|Deliver:1|Mix:1|Pickup:439|Put:433,57.5
experiment,experiment2,12,greedy,bad,2,ok,TomatoLettuceSalad|OnionLettuceSoup|AppleBananaJuice,chop_banana,chop,banana,3,45,0,1,0,34.5,16.0,16.2,0.2,ok,0.4841,345,42,0,12,345,2.9,20.9,75.9,12,1,20,Assemble:3|Chop:1|Deliver:3|Mix:1|Pickup:10|Put:2,21.0
experiment,experiment2,12,random,bad,0,ok,TomatoLettuceSalad|OnionLettuceSoup|AppleBananaJuice,chop_banana,chop,banana,3,45,0,1,0,56.1,16.0,16.8,0.8,ok,0.123,561,73,3,9,561,54.9,18.5,26.4,16,3,23,Chop:2|Deliver:3|Mix:1|Pickup:12|Put:5,36.2
experiment,experiment2,13,follow_plan,good,4,ok,TomatoLettuceSalad|OnionLettuceSoup|AppleOrangeJuice,chop_onion,chop,onion,1,15,2,0,1,100.0,16.0,16.0,0.0,ok,1.0,1000,130,0,6,1000,6.3,4.5,89.1,0,0,876,Assemble:1|Chop:1|Deliver:1|Mix:1|Pickup:439|Put:433,59.8
experiment,experiment2,13,greedy,good,2,ok,TomatoLettuceSalad|OnionLettuceSoup|AppleOrangeJuice,chop_onion,chop,onion,3,45,0,1,0,47.4,16.0,16.2,0.2,ok,0.1118,474,57,0,9,474,0.4,17.3,82.1,14,3,20,Assemble:2|Chop:1|Deliver:3|Mix:1|Pickup:10|Put:3,31.0
experiment,experiment2,13,random,good,0,ok,TomatoLettuceSalad|OnionLettuceSoup|AppleOrangeJuice,chop_onion,chop,onion,3,45,0,1,0,36.1,16.0,16.2,0.2,ok,0.1357,361,46,2,11,361,52.6,21.1,26.0,12,1,26,Assemble:1|Chop:1|Deliver:3|Mix:1|Pickup:13|Put:7,23.0
experiment,experiment2,13,random,random,4,ok,TomatoLettuceSalad|OnionLettuceSoup|AppleOrangeJuice,serve_juice_apple_orangejuice,serve_juice,apple-orange juice,3,45,0,1,0,36.1,16.0,16.0,0.0,ok,0.1302,361,47,5,10,361,66.8,21.1,11.9,15,1,20,Assemble:2|Chop:2|Deliver:3|Mix:1|Pickup:10|Put:2,24.2
experiment,experiment2,14,follow_plan,random,2,ok,TomatoLettuceSalad|OnionLettuceSoup|BananaOrangeJuice,chop_onion,chop,onion,3,45,0,1,0,28.5,16.2,16.4,0.2,ok,1.0,285,42,0,6,285,26.7,17.2,55.8,0,0,78,Assemble:3|Chop:1|Deliver:3|Mix:1|Pickup:39|Put:31,14.4
experiment,experiment2,14,greedy,random,0,ok,TomatoLettuceSalad|OnionLettuceSoup|BananaOrangeJuice,chop_onion,chop,onion,3,45,0,1,0,30.3,16.2,16.4,0.2,ok,0.1419,303,42,0,11,303,0.7,23.8,75.2,12,0,20,Assemble:2|Chop:1|Deliver:3|Mix:1|Pickup:10|Put:3,18.5
experiment,experiment2,14,random,bad,4,ok,TomatoLettuceSalad|OnionLettuceSoup|BananaOrangeJuice,chop_orange,chop,orange,3,45,0,1,0,58.7,16.2,16.2,0.0,ok,0.2572,587,76,4,8,587,41.4,21.1,37.3,18,3,95,Assemble:1|Chop:3|Deliver:3|Mix:1|Pickup:48|Put:39,39.4
experiment,experiment2,15,follow_plan,bad,2,ok,TomatoLettuceSalad|OnionTomatoSoup|AppleBananaJuice,chop_apple,chop,apple,3,45,0,1,0,25.7,13.7,13.7,0.0,ok,1.0,257,36,0,6,257,13.2,25.7,60.7,0,0,68,Assemble:3|Chop:2|Deliver:3|Mix:1|Pickup:34|Put:25,12.6
experiment,experiment2,15,greedy,bad,0,ok,TomatoLettuceSalad|OnionTomatoSoup|AppleBananaJuice,chop_apple,chop,apple,3,45,0,1,0,34.3,13.7,13.9,0.2,ok,0.3615,343,46,0,8,343,2.0,27.4,70.3,13,1,20,Assemble:1|Chop:2|Deliver:3|Mix:1|Pickup:10|Put:3,20.0
experiment,experiment2,15,random,good,4,ok,TomatoLettuceSalad|OnionTomatoSoup|AppleBananaJuice,chop_tomato,chop,tomato,3,45,0,1,0,58.6,13.7,13.7,0.0,ok,0.2491,586,70,4,9,586,65.9,15.4,18.6,19,3,78,Assemble:2|Chop:3|Deliver:3|Mix:1|Pickup:39|Put:30,34.9
experiment,experiment2,16,follow_plan,good,2,ok,TomatoLettuceSalad|OnionTomatoSoup|AppleOrangeJuice,chop_tomato,chop,tomato,3,45,0,1,0,25.7,13.7,13.7,0.0,ok,1.0,257,36,0,6,257,13.2,25.7,60.7,0,0,68,Assemble:3|Chop:2|Deliver:3|Mix:1|Pickup:34|Put:25,11.7
experiment,experiment2,16,greedy,good,0,ok,TomatoLettuceSalad|OnionTomatoSoup|AppleOrangeJuice,chop_tomato,chop,tomato,3,45,0,1,0,37.8,13.7,13.7,0.0,ok,0.2354,378,40,0,9,378,0.5,26.5,72.8,18,1,30,Assemble:3|Chop:3|Deliver:3|Mix:1|Pickup:15|Put:5,18.4
experiment,experiment2,16,greedy,random,4,ok,TomatoLettuceSalad|OnionTomatoSoup|AppleOrangeJuice,chop_lettuce,chop,lettuce,3,45,0,1,0,37.8,13.7,13.7,0.0,ok,0.2354,378,40,0,9,378,0.5,26.5,72.8,18,1,30,Assemble:3|Chop:3|Deliver:3|Mix:1|Pickup:15|Put:5,17.2
experiment,experiment2,16,random,random,2,ok,TomatoLettuceSalad|OnionTomatoSoup|AppleOrangeJuice,chop_lettuce,chop,lettuce,3,45,0,1,0,57.5,13.7,13.7,0.0,ok,0.1565,575,68,5,9,575,69.6,14.6,15.7,22,3,28,Assemble:2|Chop:3|Deliver:3|Mix:1|Pickup:14|Put:5,22.8
experiment,experiment2,17,follow_plan,random,0,ok,TomatoLettuceSalad|OnionTomatoSoup|BananaOrangeJuice,serve_from_counter_onion_tomatosoup,serve_from_counter,onion-tomato soup,0,0,3,0,1,100.0,13.9,15.8,1.9,ok,1.0,1000,14,0,3,1000,0.8,0.8,98.3,0,0,0,,34.0
experiment,experiment2,17,greedy,bad,4,ok,TomatoLettuceSalad|OnionTomatoSoup|BananaOrangeJuice,chop_banana,chop,banana,3,45,0,1,0,38.0,13.9,13.9,0.0,ok,0.2395,380,43,0,9,380,0.5,26.3,72.9,18,1,32,Assemble:3|Chop:3|Deliver:3|Mix:1|Pickup:16|Put:6,11.5
experiment,experiment2,17,random,bad,2,ok,TomatoLettuceSalad|OnionTomatoSoup|BananaOrangeJuice,chop_banana,chop,banana,3,45,0,1,0,48.2,13.9,13.9,0.0,ok,0.1805,482,56,4,9,482,59.1,17.4,23.2,20,2,30,Assemble:3|Chop:3|Deliver:3|Mix:1|Pickup:15|Put:5,13.9
experiment,experiment2,0,follow_plan,good,4,ok,OnionLettuceSalad|OnionTomatoSoup|AppleBananaJuice,chop_tomato,chop,tomato,3,45,0,1,0,21.9,16.2,16.2,0.0,ok,1.0,219,38,0,8,219,12.3,25.6,61.6,0,0,100,Assemble:1|Chop:1|Deliver:3|Mix:1|Pickup:50|Put:44,13.4
experiment,experiment2,0,greedy,good,2,ok,OnionLettuceSalad|OnionTomatoSoup|AppleBananaJuice,chop_tomato,chop,tomato,3,45,0,1,0,29.9,16.2,16.2,0.0,ok,0.1806,299,38,0,11,299,0.7,24.1,74.9,12,0,24,Assemble:2|Chop:1|Deliver:3|Mix:1|Pickup:12|Put:5,18.8
experiment,experiment2,0,random,good,0,ok,OnionLettuceSalad|OnionTomatoSoup|AppleBananaJuice,chop_tomato,chop,tomato,3,45,0,1,0,48.0,16.2,16.2,0.0,ok,0.1313,480,67,5,8,480,73.8,15.0,11.0,19,2,30,Assemble:2|Chop:2|Deliver:3|Mix:1|Pickup:15|Put:7,31.5
experiment,experiment2,0,random,random,4,ok,OnionLettuceSalad|OnionTomatoSoup|AppleBananaJuice,chop_lettuce,chop,lettuce,3,45,0,1,0,48.0,16.2,16.2,0.0,ok,0.1313,480,67,5,8,480,73.8,15.0,11.0,19,2,30,Assemble:2|Chop:2|Deliver:3|Mix:1|Pickup:15|Put:7,31.8
experiment,experiment2,1,follow_plan,random,2,ok,OnionLettuceSalad|OnionTomatoSoup|AppleOrangeJuice,chop_tomato,chop,tomato,3,45,0,1,0,21.9,16.2,16.2,0.0,ok,1.0,219,38,0,8,219,11.9,25.6,62.1,0,0,100,Assemble:2|Chop:1|Deliver:3|Mix:1|Pickup:50|Put:43,13.1
experiment,experiment2,1,greedy,random,0,ok,OnionLettuceSalad|OnionTomatoSoup|AppleOrangeJuice,chop_tomato,chop,tomato,3,45,0,1,0,29.9,16.2,16.2,0.0,ok,0.1739,299,38,0,11,299,0.7,24.1,74.9,12,0,22,Assemble:2|Chop:1|Deliver:3|Mix:1|Pickup:11|Put:4,18.5
experiment,experiment2,1,random,bad,4,ok,OnionLettuceSalad|OnionTomatoSoup|AppleOrangeJuice,chop_orange,chop,orange,3,45,0,1,0,28.1,16.2,16.2,0.0,ok,0.2206,281,44,3,8,281,34.5,29.2,35.9,17,0,24,Assemble:1|Chop:2|Deliver:3|Mix:1|Pickup:12|Put:5,19.8
experiment,experiment2,2,follow_plan,bad,2,ok,OnionLettuceSalad|OnionTomatoSoup|BananaOrangeJuice,chop_banana,chop,banana,3,45,0,1,0,26.9,16.4,16.4,0.0,ok,1.0,269,36,0,7,269,27.5,23.0,49.1,0,0,58,Assemble:3|Chop:1|Deliver:3|Mix:1|Pickup:29|Put:21,14.5
experiment,experiment2,2,greedy,bad,0,ok,OnionLettuceSalad|OnionTomatoSoup|BananaOrangeJuice,chop_banana,chop,banana,3,45,0,1,0,27.1,16.4,16.6,0.2,ok,0.2731,271,38,0,9,271,2.6,28.8,68.3,12,0,20,Assemble:1|Chop:1|Deliver:3|Mix:1|Pickup:10|Put:4,20.1
experiment,experiment2,2,random,good,4,ok,OnionLettuceSalad|OnionTomatoSoup|BananaOrangeJuice,chop_tomato,chop,tomato,3,45,0,1,0,21.9,16.4,16.4,0.0,ok,0.726,219,39,0,8,219,1.4,25.6,72.6,10,0,102,Assemble:2|Chop:1|Deliver:3|Mix:1|Pickup:51|Put:44,18.2
experiment,experiment2,3,follow_plan,good,2,ok,OnionLettuceSalad|TomatoLettuceSoup|AppleBananaJuice,chop_lettuce,chop,lettuce,0,0,3,0,1,100.0,16.0,16.0,0.0,ok,1.0,1000,118,0,5,1000,97.0,1.8,1.1,0,0,4,Chop:1|Pickup:2|Put:1,63.3
experiment,experiment2,3,greedy,good,0,ok,OnionLettuceSalad|TomatoLettuceSoup|AppleBananaJuice,chop_lettuce,chop,lettuce,3,45,0,1,0,32.8,16.0,16.0,0.0,ok,0.1799,328,46,0,10,328,2.1,20.7,76.8,12,1,19,Assemble:2|Chop:1|Deliver:3|Mix:1|Pickup:10|Put:2,23.3
experiment,experiment2,3,greedy,random,4,ok,OnionLettuceSalad|TomatoLettuceSoup|AppleBananaJuice,serve_juice_apple_bananajuice,serve_juice,apple-banana juice,3,45,0,1,0,26.7,16.0,16.0,0.0,ok,0.2622,267,41,0,9,267,2.6,29.2,67.8,12,0,16,Assemble:1|Chop:1|Deliver:3|Mix:1|Pickup:8|Put:2,19.6
experiment,experiment2,3,random,random,2,ok,OnionLettuceSalad|TomatoLettuceSoup|AppleBananaJuice,serve_juice_apple_bananajuice,serve_juice,apple-banana juice,3,45,0,1,0,40.3,16.0,16.0,0.0,ok,0.1414,403,55,3,9,403,69.2,19.4,11.2,17,1,22,Assemble:1|Chop:2|Deliver:3|Mix:1|Pickup:11|Put:4,26.2
experiment,experiment2,4,follow_plan,random,0,ok,OnionLettuceSalad|TomatoLettuceSoup|AppleOrangeJuice,mix_apple_orangejuice,mix,apple-orange juice,3,45,0,1,0,31.9,16.0,16.0,0.0,ok,1.0,319,37,0,8,319,31.7,17.6,50.8,0,0,42,Assemble:3|Chop:1|Deliver:3|Mix:1|Pickup:21|Put:13,16.6
experiment,experiment2,4,greedy,bad,4,ok,OnionLettuceSalad|TomatoLettuceSoup|AppleOrangeJuice,chop_apple,chop,apple,3,45,0,1,0,26.7,16.0,16.0,0.0,ok,0.2622,267,41,0,9,267,2.6,29.2,67.8,12,0,16,Assemble:1|Chop:1|Deliver:3|Mix:1|Pickup:8|Put:2,19.3
experiment,experiment2,4,random,bad,2,ok,OnionLettuceSalad|TomatoLettuceSoup|AppleOrangeJuice,chop_apple,chop,apple,3,45,0,1,0,26.7,16.0,16.0,0.0,ok,0.2697,267,39,1,9,267,10.9,32.2,56.6,12,0,16,Assemble:1|Chop:1|Deliver:3|Mix:1|Pickup:8|Put:2,19.5
experiment,experiment2,5,follow_plan,bad,0,ok,OnionLettuceSalad|TomatoLettuceSoup|BananaOrangeJuice,chop_orange,chop,orange,3,45,0,1,0,26.9,16.2,16.2,0.0,ok,1.0,269,37,0,7,269,27.5,23.0,49.1,0,0,56,Assemble:3|Chop:1|Deliver:3|Mix:1|Pickup:28|Put:20,14.7
experiment,experiment2,5,greedy,good,4,ok,OnionLettuceSalad|TomatoLettuceSoup|BananaOrangeJuice,chop_tomato,chop,tomato,3,45,0,1,0,26.9,16.2,16.2,0.0,ok,0.2677,269,40,0,9,269,2.6,29.0,68.0,12,0,18,Assemble:1|Chop:1|Deliver:3|Mix:1|Pickup:9|Put:3,19.7
experiment,experiment2,5,random,good,2,ok,OnionLettuceSalad|TomatoLettuceSoup|BananaOrangeJuice,chop_tomato,chop,tomato,0,0,3,0,1,100.0,16.2,16.2,0.0,ok,0.051,1000,122,2,6,1000,0.0,4.8,95.1,7,0,936,Assemble:1|Chop:2|Mix:1|Pickup:468|Put:464,107.3
experiment,experiment2,6,follow_plan,good,0,ok,OnionTomatoSalad|OnionLettuceSoup|AppleBananaJuice,chop_onion,chop,onion,3,45,0,1,0,30.5,16.2,16.2,0.0,ok,1.0,305,41,0,16,305,26.2,16.7,56.7,0,0,90,Assemble:3|Chop:1|Deliver:3|Mix:1|Pickup:45|Put:37,14.9
experiment,experiment2,6,follow_plan,random,4,ok,OnionTomatoSalad|OnionLettuceSoup|AppleBananaJuice,chop_apple,chop,apple,3,45,0,1,0,28.3,16.2,16.2,0.0,ok,1.0,283,43,0,6,283,26.1,17.3,56.2,0,0,78,Assemble:3|Chop:1|Deliver:3|Mix:1|Pickup:39|Put:31,14.0
experiment,experiment2,6,greedy,random,2,ok,OnionTomatoSalad|OnionLettuceSoup|AppleBananaJuice,chop_apple,chop,apple,3,45,0,1,0,47.4,16.2,16.2,0.0,ok,0.1076,474,57,0,9,474,0.4,17.3,82.1,14,3,20,Assemble:2|Chop:1|Deliver:3|Mix:1|Pickup:10|Put:3,29.8
experiment,experiment2,6,random,random,0,ok,OnionTomatoSalad|OnionLettuceSoup|AppleBananaJuice,chop_apple,chop,apple,3,45,0,1,0,46.5,16.2,16.4,0.2,ok,0.1978,465,61,3,8,465,60.0,15.1,24.7,17,2,60,Assemble:2|Chop:2|Deliver:3|Mix:1|Pickup:30|Put:22,26.5
experiment,experiment2,7,follow_plan,bad,4,ok,OnionTomatoSalad|OnionLettuceSoup|AppleOrangeJuice,chop_apple,chop,apple,3,45,0,1,0,28.3,16.2,16.2,0.0,ok,1.0,283,43,0,6,283,26.1,17.3,56.2,0,0,78,Assemble:3|Chop:1|Deliver:3|Mix:1|Pickup:39|Put:31,13.8
experiment,experiment2,7,greedy,bad,2,ok,OnionTomatoSalad|OnionLettuceSoup|AppleOrangeJuice,chop_apple,chop,apple,3,45,0,1,0,47.4,16.2,16.2,0.0,ok,0.1076,474,57,0,9,474,0.4,17.3,82.1,14,3,20,Assemble:2|Chop:1|Deliver:3|Mix:1|Pickup:10|Put:3,27.9
experiment,experiment2,7,random,bad,0,ok,OnionTomatoSalad|OnionLettuceSoup|AppleOrangeJuice,chop_apple,chop,apple,3,45,0,1,0,36.3,16.2,16.4,0.2,ok,0.2727,363,47,3,8,363,37.2,19.3,43.3,16,1,58,Assemble:2|Chop:2|Deliver:3|Mix:1|Pickup:29|Put:21,22.8
experiment,experiment2,8,follow_plan,good,4,ok,OnionTomatoSalad|OnionLettuceSoup|BananaOrangeJuice,chop_onion,chop,onion,3,45,0,1,0,28.5,16.4,16.4,0.0,ok,1.0,285,42,0,6,285,26.7,17.2,55.8,0,0,78,Assemble:3|Chop:1|Deliver:3|Mix:1|Pickup:39|Put:31,14.8
experiment,experiment2,8,greedy,good,2,ok,OnionTomatoSalad|OnionLettuceSoup|BananaOrangeJuice,chop_onion,chop,onion,3,45,0,1,0,47.7,16.4,16.4,0.0,ok,0.1195,477,56,0,11,477,0.4,18.4,80.9,14,2,26,Assemble:2|Chop:1|Deliver:3|Mix:1|Pickup:13|Put:6,32.4
experiment,experiment2,8,random,good,0,ok,OnionTomatoSalad|OnionLettuceSoup|BananaOrangeJuice,chop_onion,chop,onion,3,45,0,1,0,30.7,16.4,16.4,0.0,ok,0.5505,307,43,2,16,307,37.1,16.9,45.6,11,1,38,Assemble:2|Chop:1|Deliver:3|Mix:1|Pickup:19|Put:12,18.7
experiment,experiment2,8,random,random,4,ok,OnionTomatoSalad|OnionLettuceSoup|BananaOrangeJuice,chop_onion,chop,onion,3,45,0,1,0,28.5,16.4,16.4,0.0,ok,0.5018,285,43,2,6,285,40.0,17.5,42.1,11,1,16,Assemble:2|Chop:1|Deliver:3|Mix:1|Pickup:8|Put:1,16.0
experiment,experiment2,9,follow_plan,random,2,ok,OnionTomatoSalad|TomatoLettuceSoup|AppleBananaJuice,cook_lettuce_tomatosoup,cook,lettuce-tomato soup,3,45,0,1,0,26.7,13.7,13.7,0.0,ok,1.0,267,34,0,6,267,25.1,29.2,45.3,0,0,24,Assemble:1|Chop:2|Deliver:3|Mix:1|Pickup:12|Put:5,12.4
experiment,experiment2,9,greedy,random,0,ok,OnionTomatoSalad|TomatoLettuceSoup|AppleBananaJuice,cook_lettuce_tomatosoup,cook,lettuce-tomato soup,3,45,0,1,0,26.7,13.7,13.7,0.0,ok,0.4569,267,39,0,8,267,2.6,34.5,62.5,13,0,24,Assemble:2|Chop:2|Deliver:3|Mix:1|Pickup:12|Put:4,16.9
experiment,experiment2,9,random,bad,4,ok,OnionTomatoSalad|TomatoLettuceSoup|AppleBananaJuice,chop_banana,chop,banana,3,45,0,1,0,35.7,13.7,13.7,0.0,ok,0.5126,357,47,1,7,357,1.7,28.0,70.0,15,1,28,Assemble:3|Chop:2|Deliver:3|Mix:1|Pickup:14|Put:5,23.2
experiment,experiment2,10,follow_plan,bad,2,ok,OnionTomatoSalad|TomatoLettuceSoup|AppleOrangeJuice,chop_apple,chop,apple,3,45,0,1,0,26.7,13.7,13.7,0.0,ok,1.0,267,34,0,6,267,25.1,29.2,45.3,0,0,24,Assemble:1|Chop:2|Deliver:3|Mix:1|Pickup:12|Put:5,12.3
experiment,experiment2,10,greedy,bad,0,ok,OnionTomatoSalad|TomatoLettuceSoup|AppleOrangeJuice,chop_apple,chop,apple,3,45,0,1,0,26.7,13.7,13.7,0.0,ok,0.4569,267,39,0,8,267,2.6,34.5,62.5,13,0,24,Assemble:2|Chop:2|Deliver:3|Mix:1|Pickup:12|Put:4,17.3
experiment,experiment2,10,random,good,4,ok,OnionTomatoSalad|TomatoLettuceSoup|AppleOrangeJuice,chop_tomato,chop,tomato,3,45,0,1,0,26.7,13.7,13.7,0.0,ok,0.5918,267,37,2,7,267,0.0,37.5,62.2,16,0,36,Assemble:3|Chop:3|Deliver:3|Mix:1|Pickup:18|Put:8,17.1
experiment,experiment2,11,follow_plan,good,2,ok,OnionTomatoSalad|TomatoLettuceSoup|BananaOrangeJuice,chop_lettuce,chop,lettuce,3,45,0,1,0,26.9,13.9,14.3,0.4,ok,1.0,269,33,0,6,269,24.9,28.3,46.5,0,0,28,Assemble:1|Chop:2|Deliver:3|Mix:1|Pickup:14|Put:7,12.8
experiment,experiment2,11,greedy,good,0,ok,OnionTomatoSalad|TomatoLettuceSoup|BananaOrangeJuice,chop_lettuce,chop,lettuce,0,0,3,0,1,100.0,13.9,14.9,1.0,ok,1.0,1000,136,0,7,1000,0.0,2.9,97.0,4,0,7,Chop:2|Pickup:4|Put:1,58.5
experiment,experiment2,11,greedy,random,4,ok,OnionTomatoSalad|TomatoLettuceSoup|BananaOrangeJuice,mix_orange_bananajuice,mix,orange-banana juice,3,45,0,1,0,26.9,13.9,13.9,0.0,ok,0.4015,269,38,0,8,269,2.6,34.2,62.8,15,0,18,Assemble:1|Chop:2|Deliver:3|Mix:1|Pickup:9|Put:2,17.0
experiment,experiment2,11,random,random,2,ok,OnionTomatoSalad|TomatoLettuceSoup|BananaOrangeJuice,mix_orange_bananajuice,mix,orange-banana juice,3,45,0,1,0,30.7,13.9,13.9,0.0,ok,0.2671,307,46,3,8,307,35.8,31.3,32.6,21,0,38,Assemble:2|Chop:3|Deliver:3|Mix:1|Pickup:19|Put:10,20.1
experiment,experiment2,12,follow_plan,random,0,ok,TomatoLettuceSalad|OnionLettuceSoup|AppleBananaJuice,handover_lettuce_onionsoup,handover,lettuce-onion soup,0,0,3,0,1,100.0,16.0,18.5,2.5,ok,1.0,1000,128,0,0,1000,0.0,2.2,97.7,0,0,4,Chop:1|Pickup:2|Put:1,69.1
experiment,experiment2,12,greedy,bad,4,ok,TomatoLettuceSalad|OnionLettuceSoup|AppleBananaJuice,chop_banana,chop,banana,3,45,0,1,0,48.1,16.0,16.0,0.0,ok,0.1351,481,57,0,10,481,1.5,17.3,81.1,14,2,19,Assemble:1|Chop:1|Deliver:3|Mix:1|Pickup:10|Put:3,33.8
experiment,experiment2,12,random,bad,2,ok,TomatoLettuceSalad|OnionLettuceSoup|AppleBananaJuice,chop_banana,chop,banana,3,45,0,1,0,34.5,16.0,16.2,0.2,ok,0.2029,345,44,2,12,345,58.6,18.0,23.2,13,2,24,Assemble:3|Chop:1|Deliver:3|Mix:1|Pickup:12|Put:4,21.0
experiment,experiment2,13,follow_plan,bad,0,ok,TomatoLettuceSalad|OnionLettuceSoup|AppleOrangeJuice,chop_apple,chop,apple,3,45,0,1,0,32.3,16.0,16.4,0.4,ok,1.0,323,34,0,9,323,26.0,18.6,55.1,0,0,28,Assemble:2|Chop:1|Deliver:3|Mix:1|Pickup:14|Put:7,15.4
experiment,experiment2,13,greedy,good,4,ok,TomatoLettuceSalad|OnionLettuceSoup|AppleOrangeJuice,chop_onion,chop,onion,3,45,0,1,0,48.1,16.0,16.0,0.0,ok,0.131,481,58,0,10,481,1.9,16.4,81.5,14,2,19,Assemble:1|Chop:1|Deliver:3|Mix:1|Pickup:10|Put:3,33.5
experiment,experiment2,13,random,good,2,ok,TomatoLettuceSalad|OnionLettuceSoup|AppleOrangeJuice,chop_onion,chop,onion,3,45,0,1,0,62.9,16.0,16.2,0.2,ok,0.1987,629,80,4,6,629,70.4,12.7,16.7,16,4,82,Assemble:3|Chop:2|Deliver:3|Mix:1|Pickup:41|Put:32,41.3
experiment,experiment2,14,follow_plan,good,0,ok,TomatoLettuceSalad|OnionLettuceSoup|BananaOrangeJuice,chop_onion,chop,onion,3,45,0,1,0,22.3,16.2,16.4,0.2,ok,1.0,223,46,0,8,223,33.2,27.8,38.6,0,0,70,Assemble:2|Chop:1|Deliver:3|Mix:1|Pickup:35|Put:28,13.9
experiment,experiment2,14,follow_plan,random,4,ok,TomatoLettuceSalad|OnionLettuceSoup|BananaOrangeJuice,chop_onion,chop,onion,1,15,2,0,1,100.0,16.2,16.2,0.0,ok,1.0,1000,129,0,6,1000,6.5,4.5,88.9,0,0,874,Assemble:1|Chop:1|Deliver:1|Mix:1|Pickup:438|Put:432,56.6
experiment,experiment2,14,greedy,random,2,ok,TomatoLettuceSalad|OnionLettuceSoup|BananaOrangeJuice,chop_onion,chop,onion,3,45,0,1,0,47.4,16.2,16.4,0.2,ok,0.1118,474,57,0,9,474,0.4,17.3,82.1,14,3,20,Assemble:2|Chop:1|Deliver:3|Mix:1|Pickup:10|Put:3,32.7
experiment,experiment2,14,random,random,0,ok,TomatoLettuceSalad|OnionLettuceSoup|BananaOrangeJuice,chop_onion,chop,onion,3,45,0,1,0,30.3,16.2,16.4,0.2,ok,0.2838,303,45,1,11,303,23.1,23.1,53.5,12,0,52,Assemble:1|Chop:1|Deliver:3|Mix:1|Pickup:26|Put:20,20.2
experiment,experiment2,15,follow_plan,bad,4,ok,TomatoLettuceSalad|OnionTomatoSoup|AppleBananaJuice,chop_apple,chop,apple,3,45,0,1,0,25.7,13.7,13.7,0.0,ok,1.0,257,36,0,6,257,13.2,25.7,60.7,0,0,68,Assemble:3|Chop:2|Deliver:3|Mix:1|Pickup:34|Put:25,12.9
experiment,experiment2,15,greedy,bad,2,ok,TomatoLettuceSalad|OnionTomatoSoup|AppleBananaJuice,chop_apple,chop,apple,3,45,0,1,0,37.8,13.7,13.7,0.0,ok,0.2354,378,40,0,9,378,0.5,26.5,72.8,18,1,30,Assemble:3|Chop:3|Deliver:3|Mix:1|Pickup:15|Put:5,23.1
experiment,experiment2,15,random,bad,0,ok,TomatoLettuceSalad|OnionTomatoSoup|AppleBananaJuice,chop_apple,chop,apple,3,45,0,1,0,48.5,13.7,13.9,0.2,ok,0.1773,485,63,1,8,485,45.6,21.0,33.2,18,2,30,Assemble:1|Chop:3|Deliver:3|Mix:1|Pickup:15|Put:7,28.2
experiment,experiment2,16,follow_plan,good,4,ok,TomatoLettuceSalad|OnionTomatoSoup|AppleOrangeJuice,chop_tomato,chop,tomato,3,45,0,1,0,25.7,13.7,13.7,0.0,ok,1.0,257,36,0,6,257,13.2,25.7,60.7,0,0,68,Assemble:3|Chop:2|Deliver:3|Mix:1|Pickup:34|Put:25,12.6
experiment,experiment2,16,greedy,good,2,ok,TomatoLettuceSalad|OnionTomatoSoup|AppleOrangeJuice,chop_tomato,chop,tomato,3,45,0,1,0,37.8,13.7,13.7,0.0,ok,0.2354,378,40,0,9,378,0.5,26.5,72.8,18,1,30,Assemble:3|Chop:3|Deliver:3|Mix:1|Pickup:15|Put:5,22.9
experiment,experiment2,16,random,good,0,ok,TomatoLettuceSalad|OnionTomatoSoup|AppleOrangeJuice,chop_tomato,chop,tomato,3,45,0,1,0,57.5,13.7,13.7,0.0,ok,0.1565,575,68,5,9,575,69.6,14.6,15.7,22,3,28,Assemble:2|Chop:3|Deliver:3|Mix:1|Pickup:14|Put:5,35.7
experiment,experiment2,16,random,random,4,ok,TomatoLettuceSalad|OnionTomatoSoup|AppleOrangeJuice,chop_lettuce,chop,lettuce,3,45,0,1,0,57.5,13.7,13.7,0.0,ok,0.1565,575,68,5,9,575,69.6,14.6,15.7,22,3,28,Assemble:2|Chop:3|Deliver:3|Mix:1|Pickup:14|Put:5,34.2
experiment,experiment2,17,follow_plan,random,2,ok,TomatoLettuceSalad|OnionTomatoSoup|BananaOrangeJuice,serve_from_counter_onion_tomatosoup,serve_from_counter,onion-tomato soup,3,45,0,1,0,26.1,13.9,15.6,1.7,ok,1.0,261,38,0,6,261,10.7,29.1,59.8,0,0,84,Assemble:1|Chop:2|Deliver:3|Mix:1|Pickup:42|Put:35,12.7
experiment,experiment2,17,greedy,random,0,ok,TomatoLettuceSalad|OnionTomatoSoup|BananaOrangeJuice,serve_from_counter_onion_tomatosoup,serve_from_counter,onion-tomato soup,2,30,1,0,1,100.0,13.9,15.8,1.9,ok,0.807,1000,121,0,7,1000,77.5,7.9,14.5,14,7,21,Assemble:3|Chop:3|Deliver:2|Pickup:10|Put:3,39.1
experiment,experiment2,17,random,bad,4,ok,TomatoLettuceSalad|OnionTomatoSoup|BananaOrangeJuice,chop_banana,chop,banana,3,45,0,1,0,48.2,13.9,13.9,0.0,ok,0.1805,482,56,4,9,482,59.1,17.4,23.2,20,2,30,Assemble:3|Chop:3|Deliver:3|Mix:1|Pickup:15|Put:5,23.7
experiment,experiment2,0,follow_plan,bad,0,ok,OnionLettuceSalad|OnionTomatoSoup|AppleBananaJuice,chop_apple,chop,apple,3,45,0,1,0,26.7,16.2,16.2,0.0,ok,1.0,267,36,0,7,267,27.0,23.2,49.4,0,0,58,Assemble:3|Chop:1|Deliver:3|Mix:1|Pickup:29|Put:21,14.7
experiment,experiment2,0,greedy,good,4,ok,OnionLettuceSalad|OnionTomatoSoup|AppleBananaJuice,chop_tomato,chop,tomato,3,45,0,1,0,29.9,16.2,16.2,0.0,ok,0.1806,299,38,0,11,299,0.7,24.1,74.9,12,0,24,Assemble:2|Chop:1|Deliver:3|Mix:1|Pickup:12|Put:5,18.5
experiment,experiment2,0,random,good,2,ok,OnionLettuceSalad|OnionTomatoSoup|AppleBananaJuice,chop_tomato,chop,tomato,3,45,0,1,0,48.0,16.2,16.2,0.0,ok,0.1313,480,67,5,8,480,73.8,15.0,11.0,19,2,30,Assemble:2|Chop:2|Deliver:3|Mix:1|Pickup:15|Put:7,31.8
experiment,experiment2,1,follow_plan,good,0,ok,OnionLettuceSalad|OnionTomatoSoup|AppleOrangeJuice,chop_tomato,chop,tomato,3,45,0,1,0,21.9,16.2,16.2,0.0,ok,1.0,219,38,0,8,219,11.9,25.6,62.1,0,0,100,Assemble:2|Chop:1|Deliver:3|Mix:1|Pickup:50|Put:43,12.9
experiment,experiment2,1,follow_plan,random,4,ok,OnionLettuceSalad|OnionTomatoSoup|AppleOrangeJuice,chop_tomato,chop,tomato,3,45,0,1,0,21.9,16.2,16.2,0.0,ok,1.0,219,38,0,8,219,11.9,25.6,62.1,0,0,100,Assemble:2|Chop:1|Deliver:3|Mix:1|Pickup:50|Put:43,13.0
experiment,experiment2,1,greedy,random,2,ok,OnionLettuceSalad|OnionTomatoSoup|AppleOrangeJuice,chop_tomato,chop,tomato,3,45,0,1,0,29.9,16.2,16.2,0.0,ok,0.1739,299,38,0,11,299,0.7,24.1,74.9,12,0,22,Assemble:2|Chop:1|Deliver:3|Mix:1|Pickup:11|Put:4,18.7
experiment,experiment2,1,random,random,0,ok,OnionLettuceSalad|OnionTomatoSoup|AppleOrangeJuice,chop_tomato,chop,tomato,3,45,0,1,0,28.1,16.2,16.2,0.0,ok,0.2206,281,44,3,8,281,34.5,29.2,35.9,17,0,24,Assemble:1|Chop:2|Deliver:3|Mix:1|Pickup:12|Put:5,19.9
experiment,experiment2,2,follow_plan,bad,4,ok,OnionLettuceSalad|OnionTomatoSoup|BananaOrangeJuice,chop_banana,chop,banana,3,45,0,1,0,21.9,16.4,16.4,0.0,ok,1.0,219,38,0,8,219,12.3,25.6,61.6,0,0,100,Assemble:1|Chop:1|Deliver:3|Mix:1|Pickup:50|Put:44,12.8
experiment,experiment2,2,greedy,bad,2,ok,OnionLettuceSalad|OnionTomatoSoup|BananaOrangeJuice,chop_banana,chop,banana,3,45,0,1,0,26.9,16.4,16.4,0.0,ok,0.2677,269,38,0,9,269,2.6,29.0,68.0,12,0,18,Assemble:1|Chop:1|Deliver:3|Mix:1|Pickup:9|Put:3,19.8
experiment,experiment2,2,random,bad,0,ok,OnionLettuceSalad|OnionTomatoSoup|BananaOrangeJuice,chop_banana,chop,banana,3,45,0,1,0,28.1,16.4,16.6,0.2,ok,0.5089,281,35,2,8,281,34.5,24.2,40.9,13,0,20,Assemble:1|Chop:2|Deliver:3|Mix:1|Pickup:10|Put:3,18.3
experiment,experiment2,3,follow_plan,good,4,ok,OnionLettuceSalad|TomatoLettuceSoup|AppleBananaJuice,chop_lettuce,chop,lettuce,3,45,0,1,0,26.7,16.0,16.0,0.0,ok,1.0,267,37,0,7,267,27.0,23.2,49.4,0,0,56,Assemble:3|Chop:1|Deliver:3|Mix:1|Pickup:28|Put:20,14.4
experiment,experiment2,3,greedy,good,2,ok,OnionLettuceSalad|TomatoLettuceSoup|AppleBananaJuice,chop_lettuce,chop,lettuce,3,45,0,1,0,41.4,16.0,16.0,0.0,ok,0.1111,414,60,0,9,414,1.7,22.9,75.1,17,1,31,Assemble:1|Chop:2|Deliver:3|Mix:1|Pickup:16|Put:8,29.6
experiment,experiment2,3,random,good,0,ok,OnionLettuceSalad|TomatoLettuceSoup|AppleBananaJuice,chop_lettuce,chop,lettuce,3,45,0,1,0,34.5,16.0,16.0,0.0,ok,0.2551,345,54,2,8,345,58.8,16.8,24.1,12,2,21,Assemble:2|Chop:1|Deliver:3|Mix:1|Pickup:11|Put:3,21.8
experiment,experiment2,3,random,random,4,ok,OnionLettuceSalad|TomatoLettuceSoup|AppleBananaJuice,serve_juice_apple_bananajuice,serve_juice,apple-banana juice,3,45,0,1,0,40.3,16.0,16.0,0.0,ok,0.1414,403,55,3,9,403,69.2,19.4,11.2,17,1,22,Assemble:1|Chop:2|Deliver:3|Mix:1|Pickup:11|Put:4,26.1
experiment,experiment2,4,follow_plan,random,2,ok,OnionLettuceSalad|TomatoLettuceSoup|AppleOrangeJuice,mix_apple_orangejuice,mix,apple-orange juice,3,45,0,1,0,26.7,16.0,16.0,0.0,ok,1.0,267,37,0,7,267,27.0,23.2,49.4,0,0,56,Assemble:3|Chop:1|Deliver:3|Mix:1|Pickup:28|Put:20,14.2
experiment,experiment2,4,greedy,random,0,ok,OnionLettuceSalad|TomatoLettuceSoup|AppleOrangeJuice,mix_apple_orangejuice,mix,apple-orange juice,0,0,3,0,1,100.0,16.0,16.0,0.0,ok,0.012,1000,135,0,4,1000,0.0,9.2,90.7,14,8,24,Chop:1|Mix:1|Pickup:12|Put:10,78.5
experiment,experiment2,4,random,bad,4,ok,OnionLettuceSalad|TomatoLettuceSoup|AppleOrangeJuice,chop_apple,chop,apple,3,45,0,1,0,26.7,16.0,16.0,0.0,ok,0.2697,267,39,1,9,267,10.9,32.2,56.6,12,0,16,Assemble:1|Chop:1|Deliver:3|Mix:1|Pickup:8|Put:2,19.6
experiment,experiment2,5,follow_plan,bad,2,ok,OnionLettuceSalad|TomatoLettuceSoup|BananaOrangeJuice,chop_orange,chop,orange,3,45,0,1,0,26.9,16.2,16.2,0.0,ok,1.0,269,37,0,7,269,27.5,23.0,49.1,0,0,56,Assemble:3|Chop:1|Deliver:3|Mix:1|Pickup:28|Put:20,14.8
experiment,experiment2,5,greedy,bad,0,ok,OnionLettuceSalad|TomatoLettuceSoup|BananaOrangeJuice,chop_orange,chop,orange,3,45,0,1,0,26.9,16.2,16.2,0.0,ok,0.2677,269,40,0,9,269,2.6,29.0,68.0,12,0,18,Assemble:1|Chop:1|Deliver:3|Mix:1|Pickup:9|Put:3,19.7
experiment,experiment2,5,random,good,4,ok,OnionLettuceSalad|TomatoLettuceSoup|BananaOrangeJuice,chop_tomato,chop,tomato,0,0,3,0,1,100.0,16.2,16.2,0.0,ok,0.051,1000,122,2,6,1000,0.0,4.8,95.1,7,0,936,Assemble:1|Chop:2|Mix:1|Pickup:468|Put:464,107.5
experiment,experiment2,6,follow_plan,good,2,ok,OnionTomatoSalad|OnionLettuceSoup|AppleBananaJuice,chop_onion,chop,onion,1,15,2,0,1,100.0,16.2,16.2,0.0,ok,1.0,1000,129,0,6,1000,6.5,4.5,88.9,0,0,874,Assemble:1|Chop:1|Deliver:1|Mix:1|Pickup:438|Put:432,56.2
experiment,experiment2,6,greedy,good,0,ok,OnionTomatoSalad|OnionLettuceSoup|AppleBananaJuice,chop_onion,chop,onion,3,45,0,1,0,49.6,16.2,16.2,0.0,ok,0.1552,496,59,0,19,496,0.4,16.5,82.9,14,3,42,Assemble:2|Chop:1|Deliver:3|Mix:1|Pickup:21|Put:14,32.3
experiment,experiment2,6,greedy,random,4,ok,OnionTomatoSalad|OnionLettuceSoup|AppleBananaJuice,chop_apple,chop,apple,3,45,0,1,0,47.4,16.2,16.2,0.0,ok,0.1076,474,57,0,9,474,0.4,17.3,82.1,14,3,20,Assemble:2|Chop:1|Deliver:3|Mix:1|Pickup:10|Put:3,28.2
experiment,experiment2,6,random,random,2,ok,OnionTomatoSalad|OnionLettuceSoup|AppleBananaJuice,chop_apple,chop,apple,3,45,0,1,0,54.1,16.2,16.2,0.0,ok,0.1128,541,73,2,6,541,74.5,15.2,10.2,16,4,32,Assemble:2|Chop:2|Deliver:3|Mix:1|Pickup:16|Put:8,28.5
experiment,experiment2,7,follow_plan,random,0,ok,OnionTomatoSalad|OnionLettuceSoup|AppleOrangeJuice,cook_lettuce_onionsoup,cook,lettuce-onion soup,3,45,0,1,0,28.3,16.2,16.2,0.0,ok,1.0,283,43,0,6,283,26.1,17.3,56.2,0,0,78,Assemble:3|Chop:1|Deliver:3|Mix:1|Pickup:39|Put:31,14.0
experiment,experiment2,7,greedy,bad,4,ok,OnionTomatoSalad|OnionLettuceSoup|AppleOrangeJuice,chop_apple,chop,apple,3,45,0,1,0,47.4,16.2,16.2,0.0,ok,0.1076,474,57,0,9,474,0.4,17.3,82.1,14,3,20,Assemble:2|Chop:1|Deliver:3|Mix:1|Pickup:10|Put:3,29.1
experiment,experiment2,7,random,bad,2,ok,OnionTomatoSalad|OnionLettuceSoup|AppleOrangeJuice,chop_apple,chop,apple,3,45,0,1,0,32.3,16.2,16.2,0.0,ok,0.1889,323,47,3,6,323,31.9,22.9,44.9,16,2,22,Assemble:2|Chop:2|Deliver:3|Mix:1|Pickup:11|Put:3,18.6
experiment,experiment2,8,follow_plan,bad,0,ok,OnionTomatoSalad|OnionLettuceSoup|BananaOrangeJuice,chop_banana,chop,banana,3,45,0,1,0,28.9,16.4,16.8,0.4,ok,1.0,289,40,0,6,289,14.9,21.5,63.3,0,0,120,Assemble:1|Chop:1|Deliver:3|Mix:1|Pickup:60|Put:54,15.1
experiment,experiment2,8,greedy,good,4,ok,OnionTomatoSalad|OnionLettuceSoup|BananaOrangeJuice,chop_onion,chop,onion,3,45,0,1,0,47.4,16.4,16.4,0.0,ok,0.1076,474,57,0,9,474,0.4,17.3,82.1,14,3,20,Assemble:2|Chop:1|Deliver:3|Mix:1|Pickup:10|Put:3,28.5
experiment,experiment2,8,random,good,2,ok,OnionTomatoSalad|OnionLettuceSoup|BananaOrangeJuice,chop_onion,chop,onion,3,45,0,1,0,67.8,16.4,16.4,0.0,ok,0.1239,678,85,6,8,678,61.9,15.0,22.9,18,4,39,Assemble:2|Chop:2|Deliver:3|Mix:1|Pickup:20|Put:11,41.8
experiment,experiment2,9,follow_plan,good,0,ok,OnionTomatoSalad|TomatoLettuceSoup|AppleBananaJuice,chop_tomato,chop,tomato,3,45,0,1,0,26.7,13.7,13.7,0.0,ok,1.0,267,34,0,6,267,25.1,29.2,45.3,0,0,24,Assemble:1|Chop:2|Deliver:3|Mix:1|Pickup:12|Put:5,12.7
experiment,experiment2,9,follow_plan,random,4,ok,OnionTomatoSalad|TomatoLettuceSoup|AppleBananaJuice,cook_lettuce_tomatosoup,cook,lettuce-tomato soup,3,45,0,1,0,26.7,13.7,13.7,0.0,ok,1.0,267,34,0,6,267,25.1,29.2,45.3,0,0,24,Assemble:1|Chop:2|Deliver:3|Mix:1|Pickup:12|Put:5,12.3
experiment,experiment2,9,greedy,random,2,ok,OnionTomatoSalad|TomatoLettuceSoup|AppleBananaJuice,cook_lettuce_tomatosoup,cook,lettuce-tomato soup,3,45,0,1,0,26.7,13.7,13.7,0.0,ok,0.4569,267,39,0,8,267,2.6,34.5,62.5,13,0,24,Assemble:2|Chop:2|Deliver:3|Mix:1|Pickup:12|Put:4,17.6
experiment,experiment2,9,random,random,0,ok,OnionTomatoSalad|TomatoLettuceSoup|AppleBananaJuice,cook_lettuce_tomatosoup,cook,lettuce-tomato soup,3,45,0,1,0,35.7,13.7,13.7,0.0,ok,0.5126,357,47,1,7,357,1.7,28.0,70.0,15,1,28,Assemble:3|Chop:2|Deliver:3|Mix:1|Pickup:14|Put:5,23.2
experiment,experiment2,10,follow_plan,bad,4,ok,OnionTomatoSalad|TomatoLettuceSoup|AppleOrangeJuice,chop_apple,chop,apple,3,45,0,1,0,26.7,13.7,13.7,0.0,ok,1.0,267,34,0,6,267,25.1,29.2,45.3,0,0,24,Assemble:1|Chop:2|Deliver:3|Mix:1|Pickup:12|Put:5,12.3
experiment,experiment2,10,greedy,bad,2,ok,OnionTomatoSalad|TomatoLettuceSoup|AppleOrangeJuice,chop_apple,chop,apple,3,45,0,1,0,26.7,13.7,13.7,0.0,ok,0.4569,267,39,0,8,267,2.6,34.5,62.5,13,0,24,Assemble:2|Chop:2|Deliver:3|Mix:1|Pickup:12|Put:4,17.4
experiment,experiment2,10,random,bad,0,ok,OnionTomatoSalad|TomatoLettuceSoup|AppleOrangeJuice,chop_apple,chop,apple,3,45,0,1,0,26.7,13.7,13.7,0.0,ok,0.5918,267,37,2,7,267,0.0,37.5,62.2,16,0,36,Assemble:3|Chop:3|Deliver:3|Mix:1|Pickup:18|Put:8,17.4
experiment,experiment2,11,follow_plan,good,4,ok,OnionTomatoSalad|TomatoLettuceSoup|BananaOrangeJuice,chop_lettuce,chop,lettuce,3,45,0,1,0,26.9,13.9,13.9,0.0,ok,1.0,269,33,0,6,269,24.9,28.3,46.5,0,0,28,Assemble:1|Chop:2|Deliver:3|Mix:1|Pickup:14|Put:7,12.6
experiment,experiment2,11,greedy,good,2,ok,OnionTomatoSalad|TomatoLettuceSoup|BananaOrangeJuice,chop_lettuce,chop,lettuce,3,45,0,1,0,26.9,13.9,14.3,0.4,ok,0.4015,269,38,0,8,269,2.6,34.2,62.8,15,0,18,Assemble:1|Chop:2|Deliver:3|Mix:1|Pickup:9|Put:2,17.5
experiment,experiment2,11,random,good,0,ok,OnionTomatoSalad|TomatoLettuceSoup|BananaOrangeJuice,chop_lettuce,chop,lettuce,0,0,3,0,1,100.0,13.9,14.9,1.0,ok,0.992,1000,136,0,7,1000,0.0,2.9,97.0,5,0,7,Chop:2|Pickup:4|Put:1,60.4
experiment,experiment2,11,random,random,4,ok,OnionTomatoSalad|TomatoLettuceSoup|BananaOrangeJuice,mix_orange_bananajuice,mix,orange-banana juice,3,45,0,1,0,30.7,13.9,13.9,0.0,ok,0.2671,307,46,3,8,307,35.8,31.3,32.6,21,0,38,Assemble:2|Chop:3|Deliver:3|Mix:1|Pickup:19|Put:10,20.8
experiment,experiment2,12,follow_plan,random,2,ok,TomatoLettuceSalad|OnionLettuceSoup|AppleBananaJuice,handover_lettuce_onionsoup,handover,lettuce-onion soup,3,45,0,1,0,22.1,16.0,17.7,1.7,ok,1.0,221,46,0,7,221,32.6,28.1,38.9,0,0,70,Assemble:2|Chop:1|Deliver:3|Mix:1|Pickup:35|Put:28,13.8
experiment,experiment2,12,greedy,random,0,ok,TomatoLettuceSalad|OnionLettuceSoup|AppleBananaJuice,handover_lettuce_onionsoup,handover,lettuce-onion soup,0,0,3,0,1,100.0,16.0,18.5,2.5,ok,0.559,1000,132,0,0,1000,40.3,7.6,52.0,10,9,13,Chop:1|Pickup:7|Put:5,81.4
experiment,experiment2,12,random,bad,4,ok,TomatoLettuceSalad|OnionLettuceSoup|AppleBananaJuice,chop_banana,chop,banana,3,45,0,1,0,34.3,16.0,16.0,0.0,ok,0.2478,343,43,3,11,343,60.3,18.1,21.3,13,2,46,Assemble:3|Chop:1|Deliver:3|Mix:1|Pickup:23|Put:15,22.4
experiment,experiment2,13,follow_plan,bad,2,ok,TomatoLettuceSalad|OnionLettuceSoup|AppleOrangeJuice,chop_apple,chop,apple,1,15,2,0,1,100.0,16.0,16.0,0.0,ok,1.0,1000,130,0,6,1000,6.3,4.5,89.1,0,0,876,Assemble:1|Chop:1|Deliver:1|Mix:1|Pickup:439|Put:433,57.4
experiment,experiment2,13,greedy,bad,0,ok,TomatoLettuceSalad|OnionLettuceSoup|AppleOrangeJuice,chop_apple,chop,apple,3,45,0,1,0,46.7,16.0,16.4,0.4,ok,0.439,467,53,1,10,467,23.6,16.7,59.5,14,3,56,Assemble:2|Chop:1|Deliver:3|Mix:1|Pickup:28|Put:21,29.1
experiment,experiment2,13,random,good,4,ok,TomatoLettuceSalad|OnionLettuceSoup|AppleOrangeJuice,chop_onion,chop,onion,3,45,0,1,0,36.1,16.0,16.0,0.0,ok,0.1302,361,47,5,10,361,66.8,21.1,11.9,15,1,20,Assemble:2|Chop:2|Deliver:3|Mix:1|Pickup:10|Put:2,24.5
experiment,experiment2,14,follow_plan,good,2,ok,TomatoLettuceSalad|OnionLettuceSoup|BananaOrangeJuice,chop_onion,chop,onion,3,45,0,1,0,28.5,16.2,16.4,0.2,ok,1.0,285,42,0,6,285,26.7,17.2,55.8,0,0,78,Assemble:3|Chop:1|Deliver:3|Mix:1|Pickup:39|Put:31,16.8
experiment,experiment2,14,greedy,good,0,ok,TomatoLettuceSalad|OnionLettuceSoup|BananaOrangeJuice,chop_onion,chop,onion,3,45,0,1,0,30.3,16.2,16.4,0.2,ok,0.1419,303,42,0,11,303,0.7,23.8,75.2,12,0,20,Assemble:2|Chop:1|Deliver:3|Mix:1|Pickup:10|Put:3,19.4
experiment,experiment2,14,greedy,random,4,ok,TomatoLettuceSalad|OnionLettuceSoup|BananaOrangeJuice,chop_onion,chop,onion,3,45,0,1,0,48.3,16.2,16.2,0.0,ok,0.1429,483,57,0,10,483,1.2,17.6,81.0,14,2,21,Assemble:1|Chop:1|Deliver:3|Mix:1|Pickup:11|Put:4,33.9
experiment,experiment2,14,random,random,2,ok,TomatoLettuceSalad|OnionLettuceSoup|BananaOrangeJuice,chop_onion,chop,onion,3,45,0,1,0,29.8,16.2,16.4,0.2,ok,0.547,298,43,0,6,298,15.4,18.1,66.1,10,1,82,Assemble:2|Chop:1|Deliver:3|Mix:1|Pickup:41|Put:34,21.1
experiment,experiment2,15,follow_plan,random,0,ok,TomatoLettuceSalad|OnionTomatoSoup|AppleBananaJuice,chop_onion,chop,onion,0,0,3,0,1,100.0,13.7,14.9,1.2,ok,1.0,1000,136,0,7,1000,0.7,2.9,96.3,0,0,7,Chop:2|Pickup:4|Put:1,54.9
experiment,experiment2,15,greedy,bad,4,ok,TomatoLettuceSalad|OnionTomatoSoup|AppleBananaJuice,chop_apple,chop,apple,3,45,0,1,0,37.8,13.7,13.7,0.0,ok,0.2354,378,40,0,9,378,0.5,26.5,72.8,18,1,30,Assemble:3|Chop:3|Deliver:3|Mix:1|Pickup:15|Put:5,23.1
experiment,experiment2,15,random,bad,2,ok,TomatoLettuceSalad|OnionTomatoSoup|AppleBananaJuice,chop_apple,chop,apple,3,45,0,1,0,58.6,13.7,13.7,0.0,ok,0.2491,586,70,4,9,586,65.9,15.4,18.6,19,3,78,Assemble:2|Chop:3|Deliver:3|Mix:1|Pickup:39|Put:30,36.8
experiment,experiment2,16,follow_plan,bad,0,ok,TomatoLettuceSalad|OnionTomatoSoup|AppleOrangeJuice,chop_apple,chop,apple,3,45,0,1,0,25.9,13.7,13.9,0.2,ok,1.0,259,39,0,6,259,10.8,30.1,58.7,0,0,80,Assemble:1|Chop:2|Deliver:3|Mix:1|Pickup:40|Put:33,12.4
experiment,experiment2,16,greedy,good,4,ok,TomatoLettuceSalad|OnionTomatoSoup|AppleOrangeJuice,chop_tomato,chop,tomato,3,45,0,1,0,37.8,13.7,13.7,0.0,ok,0.2354,378,40,0,9,378,0.5,26.5,72.8,18,1,30,Assemble:3|Chop:3|Deliver:3|Mix:1|Pickup:15|Put:5,21.2
experiment,experiment2,16,random,good,2,ok,TomatoLettuceSalad|OnionTomatoSoup|AppleOrangeJuice,chop_tomato,chop,tomato,3,45,0,1,0,57.5,13.7,13.7,0.0,ok,0.1565,575,68,5,9,575,69.6,14.6,15.7,22,3,28,Assemble:2|Chop:3|Deliver:3|Mix:1|Pickup:14|Put:5,31.1
experiment,experiment2,17,follow_plan,good,0,ok,TomatoLettuceSalad|OnionTomatoSoup|BananaOrangeJuice,chop_tomato,chop,tomato,3,45,0,1,0,25.9,13.9,13.9,0.0,ok,1.0,259,38,0,6,259,13.9,25.5,60.2,0,0,68,Assemble:3|Chop:2|Deliver:3|Mix:1|Pickup:34|Put:25,10.0
experiment,experiment2,17,follow_plan,random,4,ok,TomatoLettuceSalad|OnionTomatoSoup|BananaOrangeJuice,serve_from_counter_onion_tomatosoup,serve_from_counter,onion-tomato soup,3,45,0,1,0,25.9,13.9,13.9,0.0,ok,1.0,259,38,0,6,259,13.9,25.5,60.2,0,0,68,Assemble:3|Chop:2|Deliver:3|Mix:1|Pickup:34|Put:25,9.7
experiment,experiment2,17,greedy,random,2,ok,TomatoLettuceSalad|OnionTomatoSoup|BananaOrangeJuice,serve_from_counter_onion_tomatosoup,serve_from_counter,onion-tomato soup,3,45,0,1,0,38.8,13.9,15.6,1.7,ok,0.1856,388,42,0,10,388,0.5,28.9,70.4,20,1,32,Assemble:2|Chop:3|Deliver:3|Mix:1|Pickup:16|Put:7,15.5
experiment,experiment2,17,random,random,0,ok,TomatoLettuceSalad|OnionTomatoSoup|BananaOrangeJuice,serve_from_counter_onion_tomatosoup,serve_from_counter,onion-tomato soup,1,15,2,0,1,100.0,13.9,15.8,1.9,ok,0.0,1000,130,2,5,1000,25.5,6.9,67.5,15,2,652,Assemble:2|Chop:3|Deliver:1|Pickup:326|Put:320,47.5
experiment,experiment2,0,follow_plan,bad,2,ok,OnionLettuceSalad|OnionTomatoSoup|AppleBananaJuice,chop_apple,chop,apple,3,45,0,1,0,21.9,16.2,16.2,0.0,ok,1.0,219,38,0,8,219,12.3,25.6,61.6,0,0,100,Assemble:1|Chop:1|Deliver:3|Mix:1|Pickup:50|Put:44,13.4
experiment,experiment2,0,greedy,bad,0,ok,OnionLettuceSalad|OnionTomatoSoup|AppleBananaJuice,chop_apple,chop,apple,3,45,0,1,0,26.7,16.2,16.2,0.0,ok,0.2622,267,39,0,9,267,2.6,29.2,67.8,12,0,16,Assemble:1|Chop:1|Deliver:3|Mix:1|Pickup:8|Put:2,19.6
experiment,experiment2,0,random,good,4,ok,OnionLettuceSalad|OnionTomatoSoup|AppleBananaJuice,chop_tomato,chop,tomato,3,45,0,1,0,48.0,16.2,16.2,0.0,ok,0.1313,480,67,5,8,480,73.8,15.0,11.0,19,2,30,Assemble:2|Chop:2|Deliver:3|Mix:1|Pickup:15|Put:7,31.7
experiment,experiment2,1,follow_plan,good,2,ok,OnionLettuceSalad|OnionTomatoSoup|AppleOrangeJuice,chop_tomato,chop,tomato,3,45,0,1,0,21.9,16.2,16.2,0.0,ok,1.0,219,38,0,8,219,11.9,25.6,62.1,0,0,100,Assemble:2|Chop:1|Deliver:3|Mix:1|Pickup:50|Put:43,13.0
experiment,experiment2,1,greedy,good,0,ok,OnionLettuceSalad|OnionTomatoSoup|AppleOrangeJuice,chop_tomato,chop,tomato,3,45,0,1,0,29.9,16.2,16.2,0.0,ok,0.1739,299,38,0,11,299,0.7,24.1,74.9,12,0,22,Assemble:2|Chop:1|Deliver:3|Mix:1|Pickup:11|Put:4,18.9
experiment,experiment2,1,greedy,random,4,ok,OnionLettuceSalad|OnionTomatoSoup|AppleOrangeJuice,chop_tomato,chop,tomato,3,45,0,1,0,29.9,16.2,16.2,0.0,ok,0.1739,299,38,0,11,299,0.7,24.1,74.9,12,0,22,Assemble:2|Chop:1|Deliver:3|Mix:1|Pickup:11|Put:4,18.6
experiment,experiment2,1,random,random,2,ok,OnionLettuceSalad|OnionTomatoSoup|AppleOrangeJuice,chop_tomato,chop,tomato,3,45,0,1,0,28.1,16.2,16.2,0.0,ok,0.2206,281,44,3,8,281,34.5,29.2,35.9,17,0,24,Assemble:1|Chop:2|Deliver:3|Mix:1|Pickup:12|Put:5,19.9
experiment,experiment2,2,follow_plan,random,0,ok,OnionLettuceSalad|OnionTomatoSoup|BananaOrangeJuice,chop_banana,chop,banana,3,45,0,1,0,27.1,16.4,16.6,0.2,ok,1.0,271,36,0,7,271,28.0,22.9,48.7,0,0,58,Assemble:3|Chop:1|Deliver:3|Mix:1|Pickup:29|Put:21,14.4
experiment,experiment2,2,greedy,bad,4,ok,OnionLettuceSalad|OnionTomatoSoup|BananaOrangeJuice,chop_banana,chop,banana,3,45,0,1,0,29.9,16.4,16.4,0.0,ok,0.1806,299,38,0,11,299,0.7,24.1,74.9,12,0,24,Assemble:2|Chop:1|Deliver:3|Mix:1|Pickup:12|Put:5,18.6
experiment,experiment2,2,random,bad,2,ok,OnionLettuceSalad|OnionTomatoSoup|BananaOrangeJuice,chop_banana,chop,banana,3,45,0,1,0,27.9,16.4,16.4,0.0,ok,0.5054,279,35,2,8,279,34.8,24.4,40.5,13,0,18,Assemble:1|Chop:2|Deliver:3|Mix:1|Pickup:9|Put:2,18.0
experiment,experiment2,3,follow_plan,bad,0,ok,OnionLettuceSalad|TomatoLettuceSoup|AppleBananaJuice,chop_banana,chop,banana,3,45,0,1,0,27.1,16.0,16.4,0.4,ok,1.0,271,37,0,7,271,28.0,22.9,48.7,0,0,56,Assemble:3|Chop:1|Deliver:3|Mix:1|Pickup:28|Put:20,14.6
experiment,experiment2,3,greedy,good,4,ok,OnionLettuceSalad|TomatoLettuceSoup|AppleBananaJuice,chop_lettuce,chop,lettuce,3,45,0,1,0,26.7,16.0,16.0,0.0,ok,0.2622,267,41,0,9,267,2.6,29.2,67.8,12,0,16,Assemble:1|Chop:1|Deliver:3|Mix:1|Pickup:8|Put:2,19.8
experiment,experiment2,3,random,good,2,ok,OnionLettuceSalad|TomatoLettuceSoup|AppleBananaJuice,chop_lettuce,chop,lettuce,2,30,1,0,1,100.0,16.0,16.0,0.0,ok,0.029,1000,130,4,8,1000,83.9,9.3,6.7,21,2,36,Assemble:1|Chop:3|Deliver:2|Mix:1|Pickup:19|Put:10,51.5
experiment,experiment2,4,follow_plan,good,0,ok,OnionLettuceSalad|TomatoLettuceSoup|AppleOrangeJuice,chop_tomato,chop,tomato,3,45,0,1,0,26.7,16.0,16.0,0.0,ok,1.0,267,37,0,7,267,27.0,23.2,49.4,0,0,56,Assemble:3|Chop:1|Deliver:3|Mix:1|Pickup:28|Put:20,14.0
experiment,experiment2,4,follow_plan,random,4,ok,OnionLettuceSalad|TomatoLettuceSoup|AppleOrangeJuice,mix_apple_orangejuice,mix,apple-orange juice,3,45,0,1,0,26.7,16.0,16.0,0.0,ok,1.0,267,37,0,7,267,27.0,23.2,49.4,0,0,56,Assemble:3|Chop:1|Deliver:3|Mix:1|Pickup:28|Put:20,14.4
experiment,experiment2,4,greedy,random,2,ok,OnionLettuceSalad|TomatoLettuceSoup|AppleOrangeJuice,mix_apple_orangejuice,mix,apple-orange juice,3,45,0,1,0,26.7,16.0,16.0,0.0,ok,0.2622,267,41,0,9,267,2.6,29.2,67.8,12,0,16,Assemble:1|Chop:1|Deliver:3|Mix:1|Pickup:8|Put:2,19.4
experiment,experiment2,4,random,random,0,ok,OnionLettuceSalad|TomatoLettuceSoup|AppleOrangeJuice,mix_apple_orangejuice,mix,apple-orange juice,2,30,1,0,1,100.0,16.0,16.0,0.0,ok,0.174,1000,138,4,6,1000,51.3,10.2,38.4,22,7,26,Assemble:2|Chop:2|Deliver:2|Mix:1|Pickup:13|Put:6,58.6
experiment,experiment2,5,follow_plan,bad,4,ok,OnionLettuceSalad|TomatoLettuceSoup|BananaOrangeJuice,chop_orange,chop,orange,3,45,0,1,0,26.9,16.2,16.2,0.0,ok,1.0,269,37,0,7,269,27.5,23.0,49.1,0,0,56,Assemble:3|Chop:1|Deliver:3|Mix:1|Pickup:28|Put:20,14.9
experiment,experiment2,5,greedy,bad,2,ok,OnionLettuceSalad|TomatoLettuceSoup|BananaOrangeJuice,chop_orange,chop,orange,3,45,0,1,0,26.9,16.2,16.2,0.0,ok,0.2677,269,40,0,9,269,2.6,29.0,68.0,12,0,18,Assemble:1|Chop:1|Deliver:3|Mix:1|Pickup:9|Put:3,19.6
experiment,experiment2,5,random,bad,0,ok,OnionLettuceSalad|TomatoLettuceSoup|BananaOrangeJuice,chop_orange,chop,orange,0,0,3,0,1,100.0,16.2,16.2,0.0,ok,0.051,1000,122,2,6,1000,0.0,4.8,95.1,7,0,936,Assemble:1|Chop:2|Mix:1|Pickup:468|Put:464,107.9
experiment,experiment2,6,follow_plan,good,4,ok,OnionTomatoSalad|OnionLettuceSoup|AppleBananaJuice,chop_onion,chop,onion,3,45,0,1,0,28.3,16.2,16.2,0.0,ok,1.0,283,43,0,6,283,26.1,17.3,56.2,0,0,78,Assemble:3|Chop:1|Deliver:3|Mix:1|Pickup:39|Put:31,13.9
experiment,experiment2,6,greedy,good,2,ok,OnionTomatoSalad|OnionLettuceSoup|AppleBananaJuice,chop_onion,chop,onion,3,45,0,1,0,47.5,16.2,16.2,0.0,ok,0.1158,475,55,0,11,475,0.4,18.5,80.8,14,2,24,Assemble:2|Chop:1|Deliver:3|Mix:1|Pickup:12|Put:5,31.8
experiment,experiment2,6,random,good,0,ok,OnionTomatoSalad|OnionLettuceSoup|AppleBananaJuice,chop_onion,chop,onion,3,45,0,1,0,31.1,16.2,16.2,0.0,ok,0.2669,311,41,1,16,311,65.3,16.7,17.7,11,2,40,Assemble:2|Chop:1|Deliver:3|Mix:1|Pickup:20|Put:13,19.6
experiment,experiment2,6,random,random,4,ok,OnionTomatoSalad|OnionLettuceSoup|AppleBananaJuice,chop_apple,chop,apple,3,45,0,1,0,54.1,16.2,16.2,0.0,ok,0.1128,541,73,2,6,541,74.5,15.2,10.2,16,4,32,Assemble:2|Chop:2|Deliver:3|Mix:1|Pickup:16|Put:8,28.7
experiment,experiment2,7,follow_plan,random,2,ok,OnionTomatoSalad|OnionLettuceSoup|AppleOrangeJuice,cook_lettuce_onionsoup,cook,lettuce-onion soup,3,45,0,1,0,28.3,16.2,16.2,0.0,ok,1.0,283,43,0,6,283,26.1,17.3,56.2,0,0,78,Assemble:3|Chop:1|Deliver:3|Mix:1|Pickup:39|Put:31,13.5
experiment,experiment2,7,greedy,random,0,ok,OnionTomatoSalad|OnionLettuceSoup|AppleOrangeJuice,cook_lettuce_onionsoup,cook,lettuce-onion soup,3,45,0,1,0,47.4,16.2,16.2,0.0,ok,0.1076,474,57,0,9,474,0.4,17.3,82.1,14,3,20,Assemble:2|Chop:1|Deliver:3|Mix:1|Pickup:10|Put:3,27.6
experiment,experiment2,7,random,bad,4,ok,OnionTomatoSalad|OnionLettuceSoup|AppleOrangeJuice,chop_apple,chop,apple,3,45,0,1,0,32.3,16.2,16.2,0.0,ok,0.1889,323,47,3,6,323,31.9,22.9,44.9,16,2,22,Assemble:2|Chop:2|Deliver:3|Mix:1|Pickup:11|Put:3,18.5
experiment,experiment2,8,follow_plan,bad,2,ok,OnionTomatoSalad|OnionLettuceSoup|BananaOrangeJuice,chop_banana,chop,banana,3,45,0,1,0,22.1,16.4,16.4,0.0,ok,1.0,221,46,0,8,221,32.6,28.1,38.9,0,0,70,Assemble:2|Chop:1|Deliver:3|Mix:1|Pickup:35|Put:28,13.0
experiment,experiment2,8,greedy,bad,0,ok,OnionTomatoSalad|OnionLettuceSoup|BananaOrangeJuice,chop_banana,chop,banana,3,45,0,1,0,32.7,16.4,16.8,0.4,ok,0.3486,327,38,0,8,327,2.1,23.9,73.7,12,0,14,Assemble:1|Chop:1|Deliver:3|Mix:1|Pickup:7|Put:1,19.0
experiment,experiment2,8,random,good,4,ok,OnionTomatoSalad|OnionLettuceSoup|BananaOrangeJuice,chop_onion,chop,onion,3,45,0,1,0,28.5,16.4,16.4,0.0,ok,0.5018,285,43,2,6,285,40.0,17.5,42.1,11,1,16,Assemble:2|Chop:1|Deliver:3|Mix:1|Pickup:8|Put:1,16.4
experiment,experiment2,9,follow_plan,good,2,ok,OnionTomatoSalad|TomatoLettuceSoup|AppleBananaJuice,chop_tomato,chop,tomato,3,45,0,1,0,26.7,13.7,13.7,0.0,ok,1.0,267,34,0,6,267,25.1,29.2,45.3,0,0,24,Assemble:1|Chop:2|Deliver:3|Mix:1|Pickup:12|Put:5,12.4
experiment,experiment2,9,greedy,good,0,ok,OnionTomatoSalad|TomatoLettuceSoup|AppleBananaJuice,chop_tomato,chop,tomato,3,45,0,1,0,26.7,13.7,13.7,0.0,ok,0.4569,267,39,0,8,267,2.6,34.5,62.5,13,0,24,Assemble:2|Chop:2|Deliver:3|Mix:1|Pickup:12|Put:4,17.3
experiment,experiment2,9,greedy,random,4,ok,OnionTomatoSalad|TomatoLettuceSoup|AppleBananaJuice,cook_lettuce_tomatosoup,cook,lettuce-tomato soup,3,45,0,1,0,26.7,13.7,13.7,0.0,ok,0.4569,267,39,0,8,267,2.6,34.5,62.5,13,0,24,Assemble:2|Chop:2|Deliver:3|Mix:1|Pickup:12|Put:4,17.2
experiment,experiment2,9,random,random,2,ok,OnionTomatoSalad|TomatoLettuceSoup|AppleBananaJuice,cook_lettuce_tomatosoup,cook,lettuce-tomato soup,3,45,0,1,0,35.7,13.7,13.7,0.0,ok,0.5126,357,47,1,7,357,1.7,28.0,70.0,15,1,28,Assemble:3|Chop:2|Deliver:3|Mix:1|Pickup:14|Put:5,23.1
experiment,experiment2,10,follow_plan,random,0,ok,OnionTomatoSalad|TomatoLettuceSoup|AppleOrangeJuice,serve_juice_apple_orangejuice,serve_juice,apple-orange juice,0,0,3,0,1,100.0,13.7,16.8,3.1,ok,1.0,1000,133,0,4,1000,98.8,1.1,0.0,0,0,1,Pickup:1,55.9
experiment,experiment2,10,greedy,bad,4,ok,OnionTomatoSalad|TomatoLettuceSoup|AppleOrangeJuice,chop_apple,chop,apple,3,45,0,1,0,26.7,13.7,13.7,0.0,ok,0.4569,267,39,0,8,267,2.6,34.5,62.5,13,0,24,Assemble:2|Chop:2|Deliver:3|Mix:1|Pickup:12|Put:4,17.1
experiment,experiment2,10,random,bad,2,ok,OnionTomatoSalad|TomatoLettuceSoup|AppleOrangeJuice,chop_apple,chop,apple,3,45,0,1,0,26.7,13.7,13.7,0.0,ok,0.5918,267,37,2,7,267,0.0,37.5,62.2,16,0,36,Assemble:3|Chop:3|Deliver:3|Mix:1|Pickup:18|Put:8,17.0
experiment,experiment2,11,follow_plan,bad,0,ok,OnionTomatoSalad|TomatoLettuceSoup|BananaOrangeJuice,chop_orange,chop,orange,3,45,0,1,0,26.9,13.9,13.9,0.0,ok,1.0,269,33,0,6,269,24.9,28.3,46.5,0,0,28,Assemble:1|Chop:2|Deliver:3|Mix:1|Pickup:14|Put:7,12.6
experiment,experiment2,11,greedy,good,4,ok,OnionTomatoSalad|TomatoLettuceSoup|BananaOrangeJuice,chop_lettuce,chop,lettuce,3,45,0,1,0,26.9,13.9,13.9,0.0,ok,0.4015,269,38,0,8,269,2.6,34.2,62.8,15,0,18,Assemble:1|Chop:2|Deliver:3|Mix:1|Pickup:9|Put:2,17.2
experiment,experiment2,11,random,good,2,ok,OnionTomatoSalad|TomatoLettuceSoup|BananaOrangeJuice,chop_lettuce,chop,lettuce,3,45,0,1,0,30.7,13.9,14.3,0.4,ok,0.2671,307,46,3,8,307,35.8,31.3,32.6,21,0,38,Assemble:2|Chop:3|Deliver:3|Mix:1|Pickup:19|Put:10,19.5
experiment,experiment2,12,follow_plan,good,0,ok,TomatoLettuceSalad|OnionLettuceSoup|AppleBananaJuice,chop_onion,chop,onion,3,45,0,1,0,22.3,16.0,16.2,0.2,ok,1.0,223,46,0,8,223,33.2,27.8,38.6,0,0,70,Assemble:2|Chop:1|Deliver:3|Mix:1|Pickup:35|Put:28,12.6
experiment,experiment2,12,follow_plan,random,4,ok,TomatoLettuceSalad|OnionLettuceSoup|AppleBananaJuice,handover_lettuce_onionsoup,handover,lettuce-onion soup,1,15,2,0,1,100.0,16.0,16.0,0.0,ok,1.0,1000,130,0,6,1000,6.3,4.5,89.1,0,0,876,Assemble:1|Chop:1|Deliver:1|Mix:1|Pickup:439|Put:433,55.1
experiment,experiment2,12,greedy,random,2,ok,TomatoLettuceSalad|OnionLettuceSoup|AppleBananaJuice,handover_lettuce_onionsoup,handover,lettuce-onion soup,3,45,0,1,0,30.1,16.0,17.7,1.7,ok,0.1329,301,41,0,10,301,0.7,23.9,75.1,12,0,18,Assemble:2|Chop:1|Deliver:3|Mix:1|Pickup:9|Put:2,18.6
experiment,experiment2,12,random,random,0,ok,TomatoLettuceSalad|OnionLettuceSoup|AppleBananaJuice,handover_lettuce_onionsoup,handover,lettuce-onion soup,0,0,3,0,1,100.0,16.0,18.5,2.5,ok,0.238,1000,133,4,0,1000,70.5,6.4,23.0,12,9,15,Chop:2|Pickup:8|Put:5,77.0
experiment,experiment2,13,follow_plan,bad,4,ok,TomatoLettuceSalad|OnionLettuceSoup|AppleOrangeJuice,chop_apple,chop,apple,1,15,2,0,1,100.0,16.0,16.0,0.0,ok,1.0,1000,130,0,6,1000,6.3,4.5,89.1,0,0,876,Assemble:1|Chop:1|Deliver:1|Mix:1|Pickup:439|Put:433,57.9
experiment,experiment2,13,greedy,bad,2,ok,TomatoLettuceSalad|OnionLettuceSoup|AppleOrangeJuice,chop_apple,chop,apple,3,45,0,1,0,48.1,16.0,16.0,0.0,ok,0.131,481,58,0,10,481,1.9,16.4,81.5,14,2,19,Assemble:1|Chop:1|Deliver:3|Mix:1|Pickup:10|Put:3,33.4
experiment,experiment2,13,random,bad,0,ok,TomatoLettuceSalad|OnionLettuceSoup|AppleOrangeJuice,chop_apple,chop,apple,3,45,0,1,0,35.7,16.0,16.4,0.4,ok,0.437,357,39,3,9,357,45.9,18.5,35.3,13,1,64,Assemble:2|Chop:2|Deliver:3|Mix:1|Pickup:32|Put:24,23.5
experiment,experiment2,14,follow_plan,good,4,ok,TomatoLettuceSalad|OnionLettuceSoup|BananaOrangeJuice,chop_onion,chop,onion,1,15,2,0,1,100.0,16.2,16.2,0.0,ok,1.0,1000,129,0,6,1000,6.5,4.5,88.9,0,0,874,Assemble:1|Chop:1|Deliver:1|Mix:1|Pickup:438|Put:432,57.2
experiment,experiment2,14,greedy,good,2,ok,TomatoLettuceSalad|OnionLettuceSoup|BananaOrangeJuice,chop_onion,chop,onion,3,45,0,1,0,47.4,16.2,16.4,0.2,ok,0.1118,474,57,0,9,474,0.4,17.3,82.1,14,3,20,Assemble:2|Chop:1|Deliver:3|Mix:1|Pickup:10|Put:3,33.0
experiment,experiment2,14,random,good,0,ok,TomatoLettuceSalad|OnionLettuceSoup|BananaOrangeJuice,chop_onion,chop,onion,3,45,0,1,0,30.3,16.2,16.4,0.2,ok,0.2838,303,45,1,11,303,23.1,23.1,53.5,12,0,52,Assemble:1|Chop:1|Deliver:3|Mix:1|Pickup:26|Put:20,20.4
experiment,experiment2,14,random,random,4,ok,TomatoLettuceSalad|OnionLettuceSoup|BananaOrangeJuice,chop_onion,chop,onion,3,45,0,1,0,58.7,16.2,16.2,0.0,ok,0.2572,587,76,4,8,587,41.4,21.1,37.3,18,3,95,Assemble:1|Chop:3|Deliver:3|Mix:1|Pickup:48|Put:39,39.6
experiment,experiment2,15,follow_plan,random,2,ok,TomatoLettuceSalad|OnionTomatoSoup|AppleBananaJuice,chop_onion,chop,onion,3,45,0,1,0,25.9,13.7,14.1,0.4,ok,1.0,259,39,0,6,259,10.8,30.1,58.7,0,0,80,Assemble:1|Chop:2|Deliver:3|Mix:1|Pickup:40|Put:33,13.7
experiment,experiment2,15,greedy,random,0,ok,TomatoLettuceSalad|OnionTomatoSoup|AppleBananaJuice,chop_onion,chop,onion,0,0,3,0,1,100.0,13.7,14.9,1.2,ok,0.998,1000,136,0,7,1000,0.0,2.9,97.0,4,0,7,Chop:2|Pickup:4|Put:1,61.4
experiment,experiment2,15,random,bad,4,ok,TomatoLettuceSalad|OnionTomatoSoup|AppleBananaJuice,chop_apple,chop,apple,3,45,0,1,0,58.6,13.7,13.7,0.0,ok,0.2491,586,70,4,9,586,65.9,15.4,18.6,19,3,78,Assemble:2|Chop:3|Deliver:3|Mix:1|Pickup:39|Put:30,37.3
experiment,experiment2,16,follow_plan,bad,2,ok,TomatoLettuceSalad|OnionTomatoSoup|AppleOrangeJuice,chop_apple,chop,apple,3,45,0,1,0,25.7,13.7,13.7,0.0,ok,1.0,257,36,0,6,257,13.2,25.7,60.7,0,0,68,Assemble:3|Chop:2|Deliver:3|Mix:1|Pickup:34|Put:25,11.5
experiment,experiment2,16,greedy,bad,0,ok,TomatoLettuceSalad|OnionTomatoSoup|AppleOrangeJuice,chop_apple,chop,apple,3,45,0,1,0,39.5,13.7,13.9,0.2,ok,0.3899,395,52,0,10,395,1.8,23.8,74.2,13,1,20,Assemble:1|Chop:2|Deliver:3|Mix:1|Pickup:10|Put:3,22.6
experiment,experiment2,16,random,good,4,ok,TomatoLettuceSalad|OnionTomatoSoup|AppleOrangeJuice,chop_tomato,chop,tomato,3,45,0,1,0,57.5,13.7,13.7,0.0,ok,0.1565,575,68,5,9,575,69.6,14.6,15.7,22,3,28,Assemble:2|Chop:3|Deliver:3|Mix:1|Pickup:14|Put:5,31.0
experiment,experiment2,17,follow_plan,good,2,ok,TomatoLettuceSalad|OnionTomatoSoup|BananaOrangeJuice,chop_tomato,chop,tomato,3,45,0,1,0,25.9,13.9,13.9,0.0,ok,1.0,259,38,0,6,259,13.9,25.5,60.2,0,0,68,Assemble:3|Chop:2|Deliver:3|Mix:1|Pickup:34|Put:25,9.9
experiment,experiment2,17,greedy,good,0,ok,TomatoLettuceSalad|OnionTomatoSoup|BananaOrangeJuice,chop_tomato,chop,tomato,3,45,0,1,0,38.0,13.9,13.9,0.0,ok,0.2395,380,43,0,9,380,0.5,26.3,72.9,18,1,32,Assemble:3|Chop:3|Deliver:3|Mix:1|Pickup:16|Put:6,16.9
experiment,experiment2,17,greedy,random,4,ok,TomatoLettuceSalad|OnionTomatoSoup|BananaOrangeJuice,serve_from_counter_onion_tomatosoup,serve_from_counter,onion-tomato soup,3,45,0,1,0,38.0,13.9,13.9,0.0,ok,0.2395,380,43,0,9,380,0.5,26.3,72.9,18,1,32,Assemble:3|Chop:3|Deliver:3|Mix:1|Pickup:16|Put:6,14.4
experiment,experiment2,17,random,random,2,ok,TomatoLettuceSalad|OnionTomatoSoup|BananaOrangeJuice,serve_from_counter_onion_tomatosoup,serve_from_counter,onion-tomato soup,3,45,0,1,0,73.1,13.9,15.6,1.7,ok,0.0971,731,94,3,6,731,63.9,13.4,22.6,24,5,34,Assemble:1|Chop:3|Deliver:3|Mix:1|Pickup:17|Put:9,29.2
experiment,experiment2,0,follow_plan,bad,4,ok,OnionLettuceSalad|OnionTomatoSoup|AppleBananaJuice,chop_apple,chop,apple,3,45,0,1,0,21.9,16.2,16.2,0.0,ok,1.0,219,38,0,8,219,12.3,25.6,61.6,0,0,100,Assemble:1|Chop:1|Deliver:3|Mix:1|Pickup:50|Put:44,13.5
experiment,experiment2,0,greedy,bad,2,ok,OnionLettuceSalad|OnionTomatoSoup|AppleBananaJuice,chop_apple,chop,apple,3,45,0,1,0,29.9,16.2,16.2,0.0,ok,0.1806,299,38,0,11,299,0.7,24.1,74.9,12,0,24,Assemble:2|Chop:1|Deliver:3|Mix:1|Pickup:12|Put:5,18.8
experiment,experiment2,0,random,bad,0,ok,OnionLettuceSalad|OnionTomatoSoup|AppleBananaJuice,chop_apple,chop,apple,3,45,0,1,0,26.7,16.2,16.2,0.0,ok,0.2285,267,38,0,9,267,13.1,24.7,61.8,12,0,16,Assemble:1|Chop:1|Deliver:3|Mix:1|Pickup:8|Put:2,19.8
experiment,experiment2,1,follow_plan,good,4,ok,OnionLettuceSalad|OnionTomatoSoup|AppleOrangeJuice,chop_tomato,chop,tomato,3,45,0,1,0,21.9,16.2,16.2,0.0,ok,1.0,219,38,0,8,219,11.9,25.6,62.1,0,0,100,Assemble:2|Chop:1|Deliver:3|Mix:1|Pickup:50|Put:43,12.8
experiment,experiment2,1,greedy,good,2,ok,OnionLettuceSalad|OnionTomatoSoup|AppleOrangeJuice,chop_tomato,chop,tomato,3,45,0,1,0,29.9,16.2,16.2,0.0,ok,0.1739,299,38,0,11,299,0.7,24.1,74.9,12,0,22,Assemble:2|Chop:1|Deliver:3|Mix:1|Pickup:11|Put:4,19.0
experiment,experiment2,1,random,good,0,ok,OnionLettuceSalad|OnionTomatoSoup|AppleOrangeJuice,chop_tomato,chop,tomato,3,45,0,1,0,28.1,16.2,16.2,0.0,ok,0.2206,281,44,3,8,281,34.5,29.2,35.9,17,0,24,Assemble:1|Chop:2|Deliver:3|Mix:1|Pickup:12|Put:5,20.2
experiment,experiment2,1,random,random,4,ok,OnionLettuceSalad|OnionTomatoSoup|AppleOrangeJuice,chop_tomato,chop,tomato,3,45,0,1,0,28.1,16.2,16.2,0.0,ok,0.2206,281,44,3,8,281,34.5,29.2,35.9,17,0,24,Assemble:1|Chop:2|Deliver:3|Mix:1|Pickup:12|Put:5,20.0
experiment,experiment2,2,follow_plan,random,2,ok,OnionLettuceSalad|OnionTomatoSoup|BananaOrangeJuice,chop_banana,chop,banana,3,45,0,1,0,26.9,16.4,16.4,0.0,ok,1.0,269,36,0,7,269,27.5,23.0,49.1,0,0,58,Assemble:3|Chop:1|Deliver:3|Mix:1|Pickup:29|Put:21,14.4
experiment,experiment2,2,greedy,random,0,ok,OnionLettuceSalad|OnionTomatoSoup|BananaOrangeJuice,chop_banana,chop,banana,3,45,0,1,0,27.1,16.4,16.6,0.2,ok,0.2731,271,38,0,9,271,2.6,28.8,68.3,12,0,20,Assemble:1|Chop:1|Deliver:3|Mix:1|Pickup:10|Put:4,19.6
experiment,experiment2,2,random,bad,4,ok,OnionLettuceSalad|OnionTomatoSoup|BananaOrangeJuice,chop_banana,chop,banana,3,45,0,1,0,21.9,16.4,16.4,0.0,ok,0.726,219,39,0,8,219,1.4,25.6,72.6,10,0,102,Assemble:2|Chop:1|Deliver:3|Mix:1|Pickup:51|Put:44,18.4
experiment,experiment2,3,follow_plan,bad,2,ok,OnionLettuceSalad|TomatoLettuceSoup|AppleBananaJuice,chop_banana,chop,banana,3,45,0,1,0,26.7,16.0,16.0,0.0,ok,1.0,267,37,0,7,267,27.0,23.2,49.4,0,0,56,Assemble:3|Chop:1|Deliver:3|Mix:1|Pickup:28|Put:20,14.4
experiment,experiment2,3,greedy,bad,0,ok,OnionLettuceSalad|TomatoLettuceSoup|AppleBananaJuice,chop_banana,chop,banana,3,45,0,1,0,27.1,16.0,16.4,0.4,ok,0.2731,271,40,0,9,271,2.6,28.8,68.3,12,0,20,Assemble:1|Chop:1|Deliver:3|Mix:1|Pickup:10|Put:4,19.9
experiment,experiment2,3,random,good,4,ok,OnionLettuceSalad|TomatoLettuceSoup|AppleBananaJuice,chop_lettuce,chop,lettuce,3,45,0,1,0,40.3,16.0,16.0,0.0,ok,0.1414,403,55,3,9,403,69.2,19.4,11.2,17,1,22,Assemble:1|Chop:2|Deliver:3|Mix:1|Pickup:11|Put:4,26.3
experiment,experiment2,4,follow_plan,good,2,ok,OnionLettuceSalad|TomatoLettuceSoup|AppleOrangeJuice,chop_tomato,chop,tomato,3,45,0,1,0,26.7,16.0,16.0,0.0,ok,1.0,267,37,0,7,267,27.0,23.2,49.4,0,0,56,Assemble:3|Chop:1|Deliver:3|Mix:1|Pickup:28|Put:20,14.2
experiment,experiment2,4,greedy,good,0,ok,OnionLettuceSalad|TomatoLettuceSoup|AppleOrangeJuice,chop_tomato,chop,tomato,3,45,0,1,0,26.7,16.0,16.0,0.0,ok,0.2622,267,41,0,9,267,2.6,29.2,67.8,12,0,16,Assemble:1|Chop:1|Deliver:3|Mix:1|Pickup:8|Put:2,19.8
experiment,experiment2,4,greedy,random,4,ok,OnionLettuceSalad|TomatoLettuceSoup|AppleOrangeJuice,mix_apple_orangejuice,mix,apple-orange juice,3,45,0,1,0,26.7,16.0,16.0,0.0,ok,0.2622,267,41,0,9,267,2.6,29.2,67.8,12,0,16,Assemble:1|Chop:1|Deliver:3|Mix:1|Pickup:8|Put:2,19.4
experiment,experiment2,4,random,random,2,ok,OnionLettuceSalad|TomatoLettuceSoup|AppleOrangeJuice,mix_apple_orangejuice,mix,apple-orange juice,3,45,0,1,0,26.7,16.0,16.0,0.0,ok,0.2697,267,39,1,9,267,10.9,32.2,56.6,12,0,16,Assemble:1|Chop:1|Deliver:3|Mix:1|Pickup:8|Put:2,19.6
experiment,experiment2,5,follow_plan,random,0,ok,OnionLettuceSalad|TomatoLettuceSoup|BananaOrangeJuice,chop_lettuce,chop,lettuce,3,45,0,1,0,25.9,16.2,16.2,0.0,ok,1.0,259,45,0,8,259,41.3,20.1,38.2,0,0,41,Assemble:2|Chop:1|Deliver:3|Mix:1|Pickup:21|Put:13,16.3
experiment,experiment2,5,greedy,bad,4,ok,OnionLettuceSalad|TomatoLettuceSoup|BananaOrangeJuice,chop_orange,chop,orange,3,45,0,1,0,26.9,16.2,16.2,0.0,ok,0.2677,269,40,0,9,269,2.6,29.0,68.0,12,0,18,Assemble:1|Chop:1|Deliver:3|Mix:1|Pickup:9|Put:3,19.9
experiment,experiment2,5,random,bad,2,ok,OnionLettuceSalad|TomatoLettuceSoup|BananaOrangeJuice,chop_orange,chop,orange,0,0,3,0,1,100.0,16.2,16.2,0.0,ok,0.051,1000,122,2,6,1000,0.0,4.8,95.1,7,0,936,Assemble:1|Chop:2|Mix:1|Pickup:468|Put:464,112.0
experiment,experiment2,6,follow_plan,bad,0,ok,OnionTomatoSalad|OnionLettuceSoup|AppleBananaJuice,chop_banana,chop,banana,3,45,0,1,0,28.9,16.2,16.8,0.6,ok,1.0,289,40,0,6,289,14.9,21.5,63.3,0,0,120,Assemble:1|Chop:1|Deliver:3|Mix:1|Pickup:60|Put:54,15.0
experiment,experiment2,6,greedy,good,4,ok,OnionTomatoSalad|OnionLettuceSoup|AppleBananaJuice,chop_onion,chop,onion,3,45,0,1,0,47.4,16.2,16.2,0.0,ok,0.1076,474,57,0,9,474,0.4,17.3,82.1,14,3,20,Assemble:2|Chop:1|Deliver:3|Mix:1|Pickup:10|Put:3,29.5
experiment,experiment2,6,random,good,2,ok,OnionTomatoSalad|OnionLettuceSoup|AppleBananaJuice,chop_onion,chop,onion,3,45,0,1,0,65.1,16.2,16.2,0.0,ok,0.0922,651,83,6,10,651,42.9,16.9,40.1,19,4,30,Assemble:2|Chop:3|Deliver:3|Mix:1|Pickup:15|Put:6,41.9
experiment,experiment2,7,follow_plan,good,0,ok,OnionTomatoSalad|OnionLettuceSoup|AppleOrangeJuice,chop_onion,chop,onion,3,45,0,1,0,30.5,16.2,16.2,0.0,ok,1.0,305,41,0,16,305,26.2,16.7,56.7,0,0,90,Assemble:3|Chop:1|Deliver:3|Mix:1|Pickup:45|Put:37,15.4
experiment,experiment2,7,follow_plan,random,4,ok,OnionTomatoSalad|OnionLettuceSoup|AppleOrangeJuice,cook_lettuce_onionsoup,cook,lettuce-onion soup,3,45,0,1,0,28.3,16.2,16.2,0.0,ok,1.0,283,43,0,6,283,26.1,17.3,56.2,0,0,78,Assemble:3|Chop:1|Deliver:3|Mix:1|Pickup:39|Put:31,13.9
experiment,experiment2,7,greedy,random,2,ok,OnionTomatoSalad|OnionLettuceSoup|AppleOrangeJuice,cook_lettuce_onionsoup,cook,lettuce-onion soup,3,45,0,1,0,47.4,16.2,16.2,0.0,ok,0.1076,474,57,0,9,474,0.4,17.3,82.1,14,3,20,Assemble:2|Chop:1|Deliver:3|Mix:1|Pickup:10|Put:3,28.8
experiment,experiment2,7,random,random,0,ok,OnionTomatoSalad|OnionLettuceSoup|AppleOrangeJuice,cook_lettuce_onionsoup,cook,lettuce-onion soup,3,45,0,1,0,32.3,16.2,16.2,0.0,ok,0.1889,323,47,3,6,323,31.9,22.9,44.9,16,2,22,Assemble:2|Chop:2|Deliver:3|Mix:1|Pickup:11|Put:3,17.6
experiment,experiment2,8,follow_plan,bad,4,ok,OnionTomatoSalad|OnionLettuceSoup|BananaOrangeJuice,chop_banana,chop,banana,3,45,0,1,0,28.5,16.4,16.4,0.0,ok,1.0,285,42,0,6,285,26.7,17.2,55.8,0,0,78,Assemble:3|Chop:1|Deliver:3|Mix:1|Pickup:39|Put:31,14.0
experiment,experiment2,8,greedy,bad,2,ok,OnionTomatoSalad|OnionLettuceSoup|BananaOrangeJuice,chop_banana,chop,banana,3,45,0,1,0,30.1,16.4,16.4,0.0,ok,0.1329,301,41,0,11,301,0.7,23.9,75.1,12,0,18,Assemble:2|Chop:1|Deliver:3|Mix:1|Pickup:9|Put:2,17.1
experiment,experiment2,8,random,bad,0,ok,OnionTomatoSalad|OnionLettuceSoup|BananaOrangeJuice,chop_banana,chop,banana,3,45,0,1,0,42.9,16.4,16.8,0.4,ok,0.3683,429,52,2,8,429,44.5,16.8,38.5,14,2,24,Assemble:2|Chop:1|Deliver:3|Mix:1|Pickup:12|Put:5,24.8
experiment,experiment2,9,follow_plan,good,4,ok,OnionTomatoSalad|TomatoLettuceSoup|AppleBananaJuice,chop_tomato,chop,tomato,3,45,0,1,0,26.7,13.7,13.7,0.0,ok,1.0,267,34,0,6,267,25.1,29.2,45.3,0,0,24,Assemble:1|Chop:2|Deliver:3|Mix:1|Pickup:12|Put:5,13.1
experiment,experiment2,9,greedy,good,2,ok,OnionTomatoSalad|TomatoLettuceSoup|AppleBananaJuice,chop_tomato,chop,tomato,3,45,0,1,0,26.7,13.7,13.7,0.0,ok,0.4569,267,39,0,8,267,2.6,34.5,62.5,13,0,24,Assemble:2|Chop:2|Deliver:3|Mix:1|Pickup:12|Put:4,17.7
experiment,experiment2,9,random,good,0,ok,OnionTomatoSalad|TomatoLettuceSoup|AppleBananaJuice,chop_tomato,chop,tomato,3,45,0,1,0,35.7,13.7,13.7,0.0,ok,0.5126,357,47,1,7,357,1.7,28.0,70.0,15,1,28,Assemble:3|Chop:2|Deliver:3|Mix:1|Pickup:14|Put:5,23.2
experiment,experiment2,9,random,random,4,ok,OnionTomatoSalad|TomatoLettuceSoup|AppleBananaJuice,cook_lettuce_tomatosoup,cook,lettuce-tomato soup,3,45,0,1,0,35.7,13.7,13.7,0.0,ok,0.5126,357,47,1,7,357,1.7,28.0,70.0,15,1,28,Assemble:3|Chop:2|Deliver:3|Mix:1|Pickup:14|Put:5,22.9
experiment,experiment2,10,follow_plan,random,2,ok,OnionTomatoSalad|TomatoLettuceSoup|AppleOrangeJuice,serve_juice_apple_orangejuice,serve_juice,apple-orange juice,3,45,0,1,0,26.7,13.7,13.7,0.0,ok,1.0,267,34,0,6,267,25.1,29.2,45.3,0,0,24,Assemble:1|Chop:2|Deliver:3|Mix:1|Pickup:12|Put:5,12.5
experiment,experiment2,10,greedy,random,0,ok,OnionTomatoSalad|TomatoLettuceSoup|AppleOrangeJuice,serve_juice_apple_orangejuice,serve_juice,apple-orange juice,0,0,3,0,1,100.0,13.7,16.8,3.1,ok,0.0,1000,134,0,3,1000,0.0,6.6,93.3,11,9,13,Chop:2|Mix:1|Pickup:7|Put:3,67.7
experiment,experiment2,10,random,bad,4,ok,OnionTomatoSalad|TomatoLettuceSoup|AppleOrangeJuice,chop_apple,chop,apple,3,45,0,1,0,26.7,13.7,13.7,0.0,ok,0.5918,267,37,2,7,267,0.0,37.5,62.2,16,0,36,Assemble:3|Chop:3|Deliver:3|Mix:1|Pickup:18|Put:8,17.5
experiment,experiment2,11,follow_plan,bad,2,ok,OnionTomatoSalad|TomatoLettuceSoup|BananaOrangeJuice,chop_orange,chop,orange,3,45,0,1,0,26.9,13.9,13.9,0.0,ok,1.0,269,33,0,6,269,24.9,28.3,46.5,0,0,28,Assemble:1|Chop:2|Deliver:3|Mix:1|Pickup:14|Put:7,12.7
experiment,experiment2,11,greedy,bad,0,ok,OnionTomatoSalad|TomatoLettuceSoup|BananaOrangeJuice,chop_orange,chop,orange,3,45,0,1,0,26.9,13.9,13.9,0.0,ok,0.4015,269,38,0,8,269,2.6,34.2,62.8,15,0,18,Assemble:1|Chop:2|Deliver:3|Mix:1|Pickup:9|Put:2,17.0
experiment,experiment2,11,random,good,4,ok,OnionTomatoSalad|TomatoLettuceSoup|BananaOrangeJuice,chop_lettuce,chop,lettuce,3,45,0,1,0,30.7,13.9,13.9,0.0,ok,0.2671,307,46,3,8,307,35.8,31.3,32.6,21,0,38,Assemble:2|Chop:3|Deliver:3|Mix:1|Pickup:19|Put:10,19.7
experiment,experiment2,12,follow_plan,good,2,ok,TomatoLettuceSalad|OnionLettuceSoup|AppleBananaJuice,chop_onion,chop,onion,3,45,0,1,0,28.3,16.0,16.2,0.2,ok,1.0,283,43,0,6,283,26.1,17.3,56.2,0,0,78,Assemble:3|Chop:1|Deliver:3|Mix:1|Pickup:39|Put:31,13.8
experiment,experiment2,12,greedy,good,0,ok,TomatoLettuceSalad|OnionLettuceSoup|AppleBananaJuice,chop_onion,chop,onion,3,45,0,1,0,30.3,16.0,16.2,0.2,ok,0.1419,303,42,0,11,303,0.7,23.8,75.2,12,0,20,Assemble:2|Chop:1|Deliver:3|Mix:1|Pickup:10|Put:3,17.4
experiment,experiment2,12,greedy,random,4,ok,TomatoLettuceSalad|OnionLettuceSoup|AppleBananaJuice,handover_lettuce_onionsoup,handover,lettuce-onion soup,3,45,0,1,0,48.1,16.0,16.0,0.0,ok,0.1351,481,57,0,10,481,1.5,17.3,81.1,14,2,19,Assemble:1|Chop:1|Deliver:3|Mix:1|Pickup:10|Put:3,31.6
experiment,experiment2,12,random,random,2,ok,TomatoLettuceSalad|OnionLettuceSoup|AppleBananaJuice,handover_lettuce_onionsoup,handover,lettuce-onion soup,3,45,0,1,0,28.5,16.0,17.7,1.7,ok,0.4947,285,40,2,7,285,35.8,19.6,44.2,11,0,20,Assemble:3|Chop:1|Deliver:3|Mix:1|Pickup:10|Put:2,16.5
experiment,experiment2,13,follow_plan,random,0,ok,TomatoLettuceSalad|OnionLettuceSoup|AppleOrangeJuice,serve_juice_apple_orangejuice,serve_juice,apple-orange juice,0,0,3,0,1,100.0,16.0,16.4,0.4,ok,1.0,1000,135,0,6,1000,98.8,1.1,0.0,0,0,1,Pickup:1,68.5
experiment,experiment2,13,greedy,bad,4,ok,TomatoLettuceSalad|OnionLettuceSoup|AppleOrangeJuice,chop_apple,chop,apple,3,45,0,1,0,48.1,16.0,16.0,0.0,ok,0.131,481,58,0,10,481,1.9,16.4,81.5,14,2,19,Assemble:1|Chop:1|Deliver:3|Mix:1|Pickup:10|Put:3,32.9
experiment,experiment2,13,random,bad,2,ok,TomatoLettuceSalad|OnionLettuceSoup|AppleOrangeJuice,chop_apple,chop,apple,3,45,0,1,0,36.1,16.0,16.0,0.0,ok,0.1302,361,47,5,10,361,66.8,21.1,11.9,15,1,20,Assemble:2|Chop:2|Deliver:3|Mix:1|Pickup:10|Put:2,24.5
experiment,experiment2,14,follow_plan,bad,0,ok,TomatoLettuceSalad|OnionLettuceSoup|BananaOrangeJuice,chop_orange,chop,orange,1,15,2,0,1,100.0,16.2,16.6,0.4,ok,1.0,1000,120,0,6,1000,6.1,4.5,89.3,0,0,878,Assemble:1|Chop:1|Deliver:1|Mix:1|Pickup:440|Put:434,57.0
experiment,experiment2,14,greedy,good,4,ok,TomatoLettuceSalad|OnionLettuceSoup|BananaOrangeJuice,chop_onion,chop,onion,3,45,0,1,0,48.3,16.2,16.2,0.0,ok,0.1429,483,57,0,10,483,1.2,17.6,81.0,14,2,21,Assemble:1|Chop:1|Deliver:3|Mix:1|Pickup:11|Put:4,34.2
experiment,experiment2,14,random,good,2,ok,TomatoLettuceSalad|OnionLettuceSoup|BananaOrangeJuice,chop_onion,chop,onion,3,45,0,1,0,29.8,16.2,16.4,0.2,ok,0.547,298,43,0,6,298,15.4,18.1,66.1,10,1,82,Assemble:2|Chop:1|Deliver:3|Mix:1|Pickup:41|Put:34,21.6
experiment,experiment2,15,follow_plan,good,0,ok,TomatoLettuceSalad|OnionTomatoSoup|AppleBananaJuice,chop_tomato,chop,tomato,3,45,0,1,0,25.7,13.7,13.7,0.0,ok,1.0,257,36,0,6,257,13.2,25.7,60.7,0,0,68,Assemble:3|Chop:2|Deliver:3|Mix:1|Pickup:34|Put:25,12.9
experiment,experiment2,15,follow_plan,random,4,ok,TomatoLettuceSalad|OnionTomatoSoup|AppleBananaJuice,chop_onion,chop,onion,3,45,0,1,0,25.7,13.7,13.7,0.0,ok,1.0,257,36,0,6,257,13.2,25.7,60.7,0,0,68,Assemble:3|Chop:2|Deliver:3|Mix:1|Pickup:34|Put:25,12.8
experiment,experiment2,15,greedy,random,2,ok,TomatoLettuceSalad|OnionTomatoSoup|AppleBananaJuice,chop_onion,chop,onion,3,45,0,1,0,34.3,13.7,14.1,0.4,ok,0.3615,343,46,0,8,343,2.0,27.4,70.3,13,1,20,Assemble:1|Chop:2|Deliver:3|Mix:1|Pickup:10|Put:3,22.9
experiment,experiment2,15,random,random,0,ok,TomatoLettuceSalad|OnionTomatoSoup|AppleBananaJuice,chop_onion,chop,onion,0,0,3,0,1,100.0,13.7,14.9,1.2,ok,0.998,1000,136,0,7,1000,0.0,2.9,97.0,4,0,7,Chop:2|Pickup:4|Put:1,64.3
experiment,experiment2,16,follow_plan,bad,4,ok,TomatoLettuceSalad|OnionTomatoSoup|AppleOrangeJuice,chop_apple,chop,apple,3,45,0,1,0,25.7,13.7,13.7,0.0,ok,1.0,257,36,0,6,257,13.2,25.7,60.7,0,0,68,Assemble:3|Chop:2|Deliver:3|Mix:1|Pickup:34|Put:25,12.6
experiment,experiment2,16,greedy,bad,2,ok,TomatoLettuceSalad|OnionTomatoSoup|AppleOrangeJuice,chop_apple,chop,apple,3,45,0,1,0,37.8,13.7,13.7,0.0,ok,0.2354,378,40,0,9,378,0.5,26.5,72.8,18,1,30,Assemble:3|Chop:3|Deliver:3|Mix:1|Pickup:15|Put:5,22.8
experiment,experiment2,16,random,bad,0,ok,TomatoLettuceSalad|OnionTomatoSoup|AppleOrangeJuice,chop_apple,chop,apple,2,30,1,0,1,100.0,13.7,13.9,0.2,ok,0.077,1000,126,3,10,1000,65.8,11.8,22.3,20,2,31,Assemble:2|Chop:4|Deliver:2|Mix:1|Pickup:16|Put:6,55.0
experiment,experiment2,17,follow_plan,good,4,ok,TomatoLettuceSalad|OnionTomatoSoup|BananaOrangeJuice,chop_tomato,chop,tomato,3,45,0,1,0,25.9,13.9,13.9,0.0,ok,1.0,259,38,0,6,259,13.9,25.5,60.2,0,0,68,Assemble:3|Chop:2|Deliver:3|Mix:1|Pickup:34|Put:25,12.9
experiment,experiment2,17,greedy,good,2,ok,TomatoLettuceSalad|OnionTomatoSoup|BananaOrangeJuice,chop_tomato,chop,tomato,3,45,0,1,0,38.0,13.9,13.9,0.0,ok,0.2395,380,43,0,9,380,0.5,26.3,72.9,18,1,32,Assemble:3|Chop:3|Deliver:3|Mix:1|Pickup:16|Put:6,23.1
experiment,experiment2,17,random,good,0,ok,TomatoLettuceSalad|OnionTomatoSoup|BananaOrangeJuice,chop_tomato,chop,tomato,3,45,0,1,0,48.2,13.9,13.9,0.0,ok,0.1805,482,56,4,9,482,59.1,17.4,23.2,20,2,30,Assemble:3|Chop:3|Deliver:3|Mix:1|Pickup:15|Put:5,27.4
experiment,experiment2,17,random,random,4,ok,TomatoLettuceSalad|OnionTomatoSoup|BananaOrangeJuice,serve_from_counter_onion_tomatosoup,serve_from_counter,onion-tomato soup,3,45,0,1,0,48.2,13.9,13.9,0.0,ok,0.1805,482,56,4,9,482,59.1,17.4,23.2,20,2,30,Assemble:3|Chop:3|Deliver:3|Mix:1|Pickup:15|Put:5,27.4
experiment,experiment2,0,follow_plan,random,0,ok,OnionLettuceSalad|OnionTomatoSoup|AppleBananaJuice,chop_lettuce,chop,lettuce,3,45,0,1,0,21.9,16.2,16.2,0.0,ok,1.0,219,38,0,8,219,12.3,25.6,61.6,0,0,100,Assemble:1|Chop:1|Deliver:3|Mix:1|Pickup:50|Put:44,13.3
experiment,experiment2,0,greedy,bad,4,ok,OnionLettuceSalad|OnionTomatoSoup|AppleBananaJuice,chop_apple,chop,apple,3,45,0,1,0,29.9,16.2,16.2,0.0,ok,0.1806,299,38,0,11,299,0.7,24.1,74.9,12,0,24,Assemble:2|Chop:1|Deliver:3|Mix:1|Pickup:12|Put:5,18.8
experiment,experiment2,0,random,bad,2,ok,OnionLettuceSalad|OnionTomatoSoup|AppleBananaJuice,chop_apple,chop,apple,3,45,0,1,0,48.0,16.2,16.2,0.0,ok,0.1313,480,67,5,8,480,73.8,15.0,11.0,19,2,30,Assemble:2|Chop:2|Deliver:3|Mix:1|Pickup:15|Put:7,32.1
experiment,experiment2,1,follow_plan,bad,0,ok,OnionLettuceSalad|OnionTomatoSoup|AppleOrangeJuice,chop_orange,chop,orange,3,45,0,1,0,26.9,16.2,16.4,0.2,ok,1.0,269,36,0,7,269,27.5,23.0,49.1,0,0,58,Assemble:3|Chop:1|Deliver:3|Mix:1|Pickup:29|Put:21,14.7
experiment,experiment2,1,greedy,good,4,ok,OnionLettuceSalad|OnionTomatoSoup|AppleOrangeJuice,chop_tomato,chop,tomato,3,45,0,1,0,29.9,16.2,16.2,0.0,ok,0.1739,299,38,0,11,299,0.7,24.1,74.9,12,0,22,Assemble:2|Chop:1|Deliver:3|Mix:1|Pickup:11|Put:4,18.7
experiment,experiment2,1,random,good,2,ok,OnionLettuceSalad|OnionTomatoSoup|AppleOrangeJuice,chop_tomato,chop,tomato,3,45,0,1,0,28.1,16.2,16.2,0.0,ok,0.2206,281,44,3,8,281,34.5,29.2,35.9,17,0,24,Assemble:1|Chop:2|Deliver:3|Mix:1|Pickup:12|Put:5,20.3
experiment,experiment2,2,follow_plan,good,0,ok,OnionLettuceSalad|OnionTomatoSoup|BananaOrangeJuice,chop_tomato,chop,tomato,3,45,0,1,0,21.9,16.4,16.4,0.0,ok,1.0,219,38,0,8,219,12.3,25.6,61.6,0,0,100,Assemble:1|Chop:1|Deliver:3|Mix:1|Pickup:50|Put:44,13.1
experiment,experiment2,2,follow_plan,random,4,ok,OnionLettuceSalad|OnionTomatoSoup|BananaOrangeJuice,chop_banana,chop,banana,3,45,0,1,0,21.9,16.4,16.4,0.0,ok,1.0,219,38,0,8,219,12.3,25.6,61.6,0,0,100,Assemble:1|Chop:1|Deliver:3|Mix:1|Pickup:50|Put:44,12.8
experiment,experiment2,2,greedy,random,2,ok,OnionLettuceSalad|OnionTomatoSoup|BananaOrangeJuice,chop_banana,chop,banana,3,45,0,1,0,26.9,16.4,16.4,0.0,ok,0.2677,269,38,0,9,269,2.6,29.0,68.0,12,0,18,Assemble:1|Chop:1|Deliver:3|Mix:1|Pickup:9|Put:3,19.6
experiment,experiment2,2,random,random,0,ok,OnionLettuceSalad|OnionTomatoSoup|BananaOrangeJuice,chop_banana,chop,banana,3,45,0,1,0,28.1,16.4,16.6,0.2,ok,0.5089,281,35,2,8,281,34.5,24.2,40.9,13,0,20,Assemble:1|Chop:2|Deliver:3|Mix:1|Pickup:10|Put:3,18.5
experiment,experiment2,3,follow_plan,bad,4,ok,OnionLettuceSalad|TomatoLettuceSoup|AppleBananaJuice,chop_banana,chop,banana,3,45,0,1,0,26.7,16.0,16.0,0.0,ok,1.0,267,37,0,7,267,27.0,23.2,49.4,0,0,56,Assemble:3|Chop:1|Deliver:3|Mix:1|Pickup:28|Put:20,14.2
experiment,experiment2,3,greedy,bad,2,ok,OnionLettuceSalad|TomatoLettuceSoup|AppleBananaJuice,chop_banana,chop,banana,3,45,0,1,0,26.7,16.0,16.0,0.0,ok,0.2622,267,41,0,9,267,2.6,29.2,67.8,12,0,16,Assemble:1|Chop:1|Deliver:3|Mix:1|Pickup:8|Put:2,19.6
experiment,experiment2,3,random,bad,0,ok,OnionLettuceSalad|TomatoLettuceSoup|AppleBananaJuice,chop_banana,chop,banana,3,45,0,1,0,40.7,16.0,16.4,0.4,ok,0.1499,407,57,3,9,407,68.6,19.2,12.0,17,1,26,Assemble:1|Chop:2|Deliver:3|Mix:1|Pickup:13|Put:6,26.3
experiment,experiment2,4,follow_plan,good,4,ok,OnionLettuceSalad|TomatoLettuceSoup|AppleOrangeJuice,chop_tomato,chop,tomato,3,45,0,1,0,26.7,16.0,16.0,0.0,ok,1.0,267,37,0,7,267,27.0,23.2,49.4,0,0,56,Assemble:3|Chop:1|Deliver:3|Mix:1|Pickup:28|Put:20,14.4
experiment,experiment2,4,greedy,good,2,ok,OnionLettuceSalad|TomatoLettuceSoup|AppleOrangeJuice,chop_tomato,chop,tomato,3,45,0,1,0,26.7,16.0,16.0,0.0,ok,0.2622,267,41,0,9,267,2.6,29.2,67.8,12,0,16,Assemble:1|Chop:1|Deliver:3|Mix:1|Pickup:8|Put:2,19.3
experiment,experiment2,4,random,good,0,ok,OnionLettuceSalad|TomatoLettuceSoup|AppleOrangeJuice,chop_tomato,chop,tomato,3,45,0,1,0,26.7,16.0,16.0,0.0,ok,0.2697,267,39,1,9,267,10.9,32.2,56.6,12,0,16,Assemble:1|Chop:1|Deliver:3|Mix:1|Pickup:8|Put:2,19.4
experiment,experiment2,4,random,random,4,ok,OnionLettuceSalad|TomatoLettuceSoup|AppleOrangeJuice,mix_apple_orangejuice,mix,apple-orange juice,3,45,0,1,0,26.7,16.0,16.0,0.0,ok,0.2697,267,39,1,9,267,10.9,32.2,56.6,12,0,16,Assemble:1|Chop:1|Deliver:3|Mix:1|Pickup:8|Put:2,19.5
experiment,experiment2,5,follow_plan,random,2,ok,OnionLettuceSalad|TomatoLettuceSoup|BananaOrangeJuice,chop_lettuce,chop,lettuce,0,0,3,0,1,100.0,16.2,16.2,0.0,ok,1.0,1000,118,0,5,1000,97.0,1.8,1.1,0,0,4,Chop:1|Pickup:2|Put:1,64.4
experiment,experiment2,5,greedy,random,0,ok,OnionLettuceSalad|TomatoLettuceSoup|BananaOrangeJuice,chop_lettuce,chop,lettuce,3,45,0,1,0,32.8,16.2,16.2,0.0,ok,0.1829,328,47,0,10,328,2.1,20.7,76.8,12,1,21,Assemble:2|Chop:1|Deliver:3|Mix:1|Pickup:11|Put:3,23.8
experiment,experiment2,5,random,bad,4,ok,OnionLettuceSalad|TomatoLettuceSoup|BananaOrangeJuice,chop_orange,chop,orange,0,0,3,0,1,100.0,16.2,16.2,0.0,ok,0.051,1000,122,2,6,1000,0.0,4.8,95.1,7,0,936,Assemble:1|Chop:2|Mix:1|Pickup:468|Put:464,109.4
experiment,experiment2,6,follow_plan,bad,2,ok,OnionTomatoSalad|OnionLettuceSoup|AppleBananaJuice,chop_banana,chop,banana,3,45,0,1,0,22.1,16.2,16.2,0.0,ok,1.0,221,46,0,8,221,32.6,28.1,38.9,0,0,70,Assemble:2|Chop:1|Deliver:3|Mix:1|Pickup:35|Put:28,13.0
experiment,experiment2,6,greedy,bad,0,ok,OnionTomatoSalad|OnionLettuceSoup|AppleBananaJuice,chop_banana,chop,banana,3,45,0,1,0,32.5,16.2,16.8,0.6,ok,0.3785,325,39,0,8,325,2.2,24.0,73.5,12,0,24,Assemble:2|Chop:1|Deliver:3|Mix:1|Pickup:12|Put:5,19.1
experiment,experiment2,6,random,good,4,ok,OnionTomatoSalad|OnionLettuceSoup|AppleBananaJuice,chop_onion,chop,onion,3,45,0,1,0,54.1,16.2,16.2,0.0,ok,0.1128,541,73,2,6,541,74.5,15.2,10.2,16,4,32,Assemble:2|Chop:2|Deliver:3|Mix:1|Pickup:16|Put:8,29.0
experiment,experiment2,7,follow_plan,good,2,ok,OnionTomatoSalad|OnionLettuceSoup|AppleOrangeJuice,chop_onion,chop,onion,1,15,2,0,1,100.0,16.2,16.2,0.0,ok,1.0,1000,129,0,6,1000,6.5,4.5,88.9,0,0,874,Assemble:1|Chop:1|Deliver:1|Mix:1|Pickup:438|Put:432,55.7
experiment,experiment2,7,greedy,good,0,ok,OnionTomatoSalad|OnionLettuceSoup|AppleOrangeJuice,chop_onion,chop,onion,3,45,0,1,0,49.6,16.2,16.2,0.0,ok,0.1552,496,59,0,19,496,0.4,16.5,82.9,14,3,42,Assemble:2|Chop:1|Deliver:3|Mix:1|Pickup:21|Put:14,30.8
experiment,experiment2,7,greedy,random,4,ok,OnionTomatoSalad|OnionLettuceSoup|AppleOrangeJuice,cook_lettuce_onionsoup,cook,lettuce-onion soup,3,45,0,1,0,47.4,16.2,16.2,0.0,ok,0.1076,474,57,0,9,474,0.4,17.3,82.1,14,3,20,Assemble:2|Chop:1|Deliver:3|Mix:1|Pickup:10|Put:3,28.9
experiment,experiment2,7,random,random,2,ok,OnionTomatoSalad|OnionLettuceSoup|AppleOrangeJuice,cook_lettuce_onionsoup,cook,lettuce-onion soup,3,45,0,1,0,32.3,16.2,16.2,0.0,ok,0.1889,323,47,3,6,323,31.9,22.9,44.9,16,2,22,Assemble:2|Chop:2|Deliver:3|Mix:1|Pickup:11|Put:3,18.0
experiment,experiment2,8,follow_plan,random,0,ok,OnionTomatoSalad|OnionLettuceSoup|BananaOrangeJuice,chop_onion,chop,onion,3,45,0,1,0,30.7,16.4,16.4,0.0,ok,1.0,307,41,0,16,307,26.7,16.6,56.4,0,0,90,Assemble:3|Chop:1|Deliver:3|Mix:1|Pickup:45|Put:37,15.8
experiment,experiment2,8,greedy,bad,4,ok,OnionTomatoSalad|OnionLettuceSoup|BananaOrangeJuice,chop_banana,chop,banana,3,45,0,1,0,47.4,16.4,16.4,0.0,ok,0.1076,474,57,0,9,474,0.4,17.3,82.1,14,3,20,Assemble:2|Chop:1|Deliver:3|Mix:1|Pickup:10|Put:3,28.5
experiment,experiment2,8,random,bad,2,ok,OnionTomatoSalad|OnionLettuceSoup|BananaOrangeJuice,chop_banana,chop,banana,3,45,0,1,0,22.1,16.4,16.4,0.0,ok,0.3032,221,40,1,8,221,11.3,29.0,59.3,11,0,14,Assemble:1|Chop:1|Deliver:3|Mix:1|Pickup:7|Put:1,13.9
experiment,experiment2,9,follow_plan,bad,0,ok,OnionTomatoSalad|TomatoLettuceSoup|AppleBananaJuice,chop_banana,chop,banana,3,45,0,1,0,27.1,13.7,14.1,0.4,ok,1.0,271,34,0,6,271,24.7,28.0,46.9,0,0,30,Assemble:1|Chop:2|Deliver:3|Mix:1|Pickup:15|Put:8,12.8
experiment,experiment2,9,greedy,good,4,ok,OnionTomatoSalad|TomatoLettuceSoup|AppleBananaJuice,chop_tomato,chop,tomato,3,45,0,1,0,26.7,13.7,13.7,0.0,ok,0.4569,267,39,0,8,267,2.6,34.5,62.5,13,0,24,Assemble:2|Chop:2|Deliver:3|Mix:1|Pickup:12|Put:4,17.3
experiment,experiment2,9,random,good,2,ok,OnionTomatoSalad|TomatoLettuceSoup|AppleBananaJuice,chop_tomato,chop,tomato,3,45,0,1,0,35.7,13.7,13.7,0.0,ok,0.5126,357,47,1,7,357,1.7,28.0,70.0,15,1,28,Assemble:3|Chop:2|Deliver:3|Mix:1|Pickup:14|Put:5,23.2
experiment,experiment2,10,follow_plan,good,0,ok,OnionTomatoSalad|TomatoLettuceSoup|AppleOrangeJuice,chop_tomato,chop,tomato,3,45,0,1,0,26.7,13.7,13.7,0.0,ok,1.0,267,34,0,6,267,25.1,29.2,45.3,0,0,24,Assemble:1|Chop:2|Deliver:3|Mix:1|Pickup:12|Put:5,12.6
experiment,experiment2,10,follow_plan,random,4,ok,OnionTomatoSalad|TomatoLettuceSoup|AppleOrangeJuice,serve_juice_apple_orangejuice,serve_juice,apple-orange juice,3,45,0,1,0,26.7,13.7,13.7,0.0,ok,1.0,267,34,0,6,267,25.1,29.2,45.3,0,0,24,Assemble:1|Chop:2|Deliver:3|Mix:1|Pickup:12|Put:5,12.7
experiment,experiment2,10,greedy,random,2,ok,OnionTomatoSalad|TomatoLettuceSoup|AppleOrangeJuice,serve_juice_apple_orangejuice,serve_juice,apple-orange juice,3,45,0,1,0,26.7,13.7,13.7,0.0,ok,0.4569,267,39,0,8,267,2.6,34.5,62.5,13,0,24,Assemble:2|Chop:2|Deliver:3|Mix:1|Pickup:12|Put:4,17.1
experiment,experiment2,10,random,random,0,ok,OnionTomatoSalad|TomatoLettuceSoup|AppleOrangeJuice,serve_juice_apple_orangejuice,serve_juice,apple-orange juice,1,15,2,0,1,100.0,13.7,16.8,3.1,ok,0.714,1000,129,3,6,1000,13.9,8.1,77.9,19,0,18,Chop:3|Deliver:1|Mix:1|Pickup:10|Put:3,63.1
experiment,experiment2,11,follow_plan,bad,4,ok,OnionTomatoSalad|TomatoLettuceSoup|BananaOrangeJuice,chop_orange,chop,orange,3,45,0,1,0,26.9,13.9,13.9,0.0,ok,1.0,269,33,0,6,269,24.9,28.3,46.5,0,0,28,Assemble:1|Chop:2|Deliver:3|Mix:1|Pickup:14|Put:7,13.0
experiment,experiment2,11,greedy,bad,2,ok,OnionTomatoSalad|TomatoLettuceSoup|BananaOrangeJuice,chop_orange,chop,orange,3,45,0,1,0,26.9,13.9,13.9,0.0,ok,0.4015,269,38,0,8,269,2.6,34.2,62.8,15,0,18,Assemble:1|Chop:2|Deliver:3|Mix:1|Pickup:9|Put:2,17.1
experiment,experiment2,11,random,bad,0,ok,OnionTomatoSalad|TomatoLettuceSoup|BananaOrangeJuice,chop_orange,chop,orange,3,45,0,1,0,30.7,13.9,13.9,0.0,ok,0.2671,307,46,3,8,307,35.8,31.3,32.6,21,0,38,Assemble:2|Chop:3|Deliver:3|Mix:1|Pickup:19|Put:10,19.9
experiment,experiment2,12,follow_plan,good,4,ok,TomatoLettuceSalad|OnionLettuceSoup|AppleBananaJuice,chop_onion,chop,onion,1,15,2,0,1,100.0,16.0,16.0,0.0,ok,1.0,1000,130,0,6,1000,6.3,4.5,89.1,0,0,876,Assemble:1|Chop:1|Deliver:1|Mix:1|Pickup:439|Put:433,56.4
experiment,experiment2,12,greedy,good,2,ok,TomatoLettuceSalad|OnionLettuceSoup|AppleBananaJuice,chop_onion,chop,onion,3,45,0,1,0,47.4,16.0,16.2,0.2,ok,0.1118,474,57,0,9,474,0.4,17.3,82.1,14,3,20,Assemble:2|Chop:1|Deliver:3|Mix:1|Pickup:10|Put:3,30.4
experiment,experiment2,12,random,good,0,ok,TomatoLettuceSalad|OnionLettuceSoup|AppleBananaJuice,chop_onion,chop,onion,3,45,0,1,0,52.0,16.0,16.2,0.2,ok,0.1115,520,75,5,8,520,74.6,17.7,7.5,17,3,24,Assemble:1|Chop:2|Deliver:3|Mix:1|Pickup:12|Put:5,37.1
experiment,experiment2,12,random,random,4,ok,TomatoLettuceSalad|OnionLettuceSoup|AppleBananaJuice,handover_lettuce_onionsoup,handover,lettuce-onion soup,3,45,0,1,0,34.3,16.0,16.0,0.0,ok,0.2478,343,43,3,11,343,60.3,18.1,21.3,13,2,46,Assemble:3|Chop:1|Deliver:3|Mix:1|Pickup:23|Put:15,22.1
experiment,experiment2,13,follow_plan,random,2,ok,TomatoLettuceSalad|OnionLettuceSoup|AppleOrangeJuice,serve_juice_apple_orangejuice,serve_juice,apple-orange juice,1,15,2,0,1,100.0,16.0,16.0,0.0,ok,1.0,1000,130,0,6,1000,6.3,4.5,89.1,0,0,876,Assemble:1|Chop:1|Deliver:1|Mix:1|Pickup:439|Put:433,57.8
experiment,experiment2,13,greedy,random,0,ok,TomatoLettuceSalad|OnionLettuceSoup|AppleOrangeJuice,serve_juice_apple_orangejuice,serve_juice,apple-orange juice,3,45,0,1,0,35.7,16.0,16.4,0.4,ok,0.3305,357,40,0,10,357,3.1,20.2,76.5,15,1,58,Assemble:2|Chop:1|Deliver:3|Mix:1|Pickup:29|Put:22,23.9
experiment,experiment2,13,random,bad,4,ok,TomatoLettuceSalad|OnionLettuceSoup|AppleOrangeJuice,chop_apple,chop,apple,3,45,0,1,0,36.1,16.0,16.0,0.0,ok,0.1302,361,47,5,10,361,66.8,21.1,11.9,15,1,20,Assemble:2|Chop:2|Deliver:3|Mix:1|Pickup:10|Put:2,24.4
experiment,experiment2,14,follow_plan,bad,2,ok,TomatoLettuceSalad|OnionLettuceSoup|BananaOrangeJuice,chop_orange,chop,orange,1,15,2,0,1,100.0,16.2,16.2,0.0,ok,1.0,1000,129,0,6,1000,6.5,4.5,88.9,0,0,874,Assemble:1|Chop:1|Deliver:1|Mix:1|Pickup:438|Put:432,59.5
experiment,experiment2,14,greedy,bad,0,ok,TomatoLettuceSalad|OnionLettuceSoup|BananaOrangeJuice,chop_orange,chop,orange,3,45,0,1,0,48.7,16.2,16.6,0.4,ok,0.1499,487,54,0,10,487,1.2,17.5,81.1,14,2,25,Assemble:1|Chop:1|Deliver:3|Mix:1|Pickup:13|Put:6,35.6
experiment,experiment2,14,random,good,4,ok,TomatoLettuceSalad|OnionLettuceSoup|BananaOrangeJuice,chop_onion,chop,onion,3,45,0,1,0,58.7,16.2,16.2,0.0,ok,0.2572,587,76,4,8,587,41.4,21.1,37.3,18,3,95,Assemble:1|Chop:3|Deliver:3|Mix:1|Pickup:48|Put:39,39.9
experiment,experiment2,15,follow_plan,good,2,ok,TomatoLettuceSalad|OnionTomatoSoup|AppleBananaJuice,chop_tomato,chop,tomato,3,45,0,1,0,25.7,13.7,13.7,0.0,ok,1.0,257,36,0,6,257,13.2,25.7,60.7,0,0,68,Assemble:3|Chop:2|Deliver:3|Mix:1|Pickup:34|Put:25,13.0
experiment,experiment2,15,greedy,good,0,ok,TomatoLettuceSalad|OnionTomatoSoup|AppleBananaJuice,chop_tomato,chop,tomato,3,45,0,1,0,37.8,13.7,13.7,0.0,ok,0.2354,378,40,0,9,378,0.5,26.5,72.8,18,1,30,Assemble:3|Chop:3|Deliver:3|Mix:1|Pickup:15|Put:5,23.0
experiment,experiment2,15,greedy,random,4,ok,TomatoLettuceSalad|OnionTomatoSoup|AppleBananaJuice,chop_onion,chop,onion,3,45,0,1,0,37.8,13.7,13.7,0.0,ok,0.2354,378,40,0,9,378,0.5,26.5,72.8,18,1,30,Assemble:3|Chop:3|Deliver:3|Mix:1|Pickup:15|Put:5,22.8
experiment,experiment2,15,random,random,2,ok,TomatoLettuceSalad|OnionTomatoSoup|AppleBananaJuice,chop_onion,chop,onion,3,45,0,1,0,48.5,13.7,14.1,0.4,ok,0.1773,485,63,1,8,485,45.6,21.0,33.2,18,2,30,Assemble:1|Chop:3|Deliver:3|Mix:1|Pickup:15|Put:7,28.3
experiment,experiment2,16,follow_plan,random,0,ok,TomatoLettuceSalad|OnionTomatoSoup|AppleOrangeJuice,chop_lettuce,chop,lettuce,3,45,0,1,0,25.7,13.7,13.7,0.0,ok,1.0,257,36,0,6,257,13.2,25.7,60.7,0,0,68,Assemble:3|Chop:2|Deliver:3|Mix:1|Pickup:34|Put:25,12.9
experiment,experiment2,16,greedy,bad,4,ok,TomatoLettuceSalad|OnionTomatoSoup|AppleOrangeJuice,chop_apple,chop,apple,3,45,0,1,0,37.8,13.7,13.7,0.0,ok,0.2354,378,40,0,9,378,0.5,26.5,72.8,18,1,30,Assemble:3|Chop:3|Deliver:3|Mix:1|Pickup:15|Put:5,21.2
experiment,experiment2,16,random,bad,2,ok,TomatoLettuceSalad|OnionTomatoSoup|AppleOrangeJuice,chop_apple,chop,apple,3,45,0,1,0,57.5,13.7,13.7,0.0,ok,0.1565,575,68,5,9,575,69.6,14.6,15.7,22,3,28,Assemble:2|Chop:3|Deliver:3|Mix:1|Pickup:14|Put:5,33.3
experiment,experiment2,17,follow_plan,bad,0,ok,TomatoLettuceSalad|OnionTomatoSoup|BananaOrangeJuice,chop_banana,chop,banana,3,45,0,1,0,26.3,13.9,14.3,0.4,ok,1.0,263,39,0,6,263,10.6,28.9,60.1,0,0,86,Assemble:1|Chop:2|Deliver:3|Mix:1|Pickup:43|Put:36,12.1
experiment,experiment2,17,greedy,good,4,ok,TomatoLettuceSalad|OnionTomatoSoup|BananaOrangeJuice,chop_tomato,chop,tomato,3,45,0,1,0,38.0,13.9,13.9,0.0,ok,0.2395,380,43,0,9,380,0.5,26.3,72.9,18,1,32,Assemble:3|Chop:3|Deliver:3|Mix:1|Pickup:16|Put:6,18.3
experiment,experiment2,17,random,good,2,ok,TomatoLettuceSalad|OnionTomatoSoup|BananaOrangeJuice,chop_tomato,chop,tomato,3,45,0,1,0,48.2,13.9,13.9,0.0,ok,0.1805,482,56,4,9,482,59.1,17.4,23.2,20,2,30,Assemble:3|Chop:3|Deliver:3|Mix:1|Pickup:15|Put:5,21.8
experiment,experiment2,0,follow_plan,random,2,ok,OnionLettuceSalad|OnionTomatoSoup|AppleBananaJuice,chop_lettuce,chop,lettuce,3,45,0,1,0,21.9,16.2,16.2,0.0,ok,1.0,219,38,0,8,219,12.3,25.6,61.6,0,0,100,Assemble:1|Chop:1|Deliver:3|Mix:1|Pickup:50|Put:44,13.3
experiment,experiment2,0,greedy,random,0,ok,OnionLettuceSalad|OnionTomatoSoup|AppleBananaJuice,chop_lettuce,chop,lettuce,3,45,0,1,0,29.9,16.2,16.2,0.0,ok,0.1806,299,38,0,11,299,0.7,24.1,74.9,12,0,24,Assemble:2|Chop:1|Deliver:3|Mix:1|Pickup:12|Put:5,18.6
experiment,experiment2,0,random,bad,4,ok,OnionLettuceSalad|OnionTomatoSoup|AppleBananaJuice,chop_apple,chop,apple,3,45,0,1,0,48.0,16.2,16.2,0.0,ok,0.1313,480,67,5,8,480,73.8,15.0,11.0,19,2,30,Assemble:2|Chop:2|Deliver:3|Mix:1|Pickup:15|Put:7,31.8
experiment,experiment2,1,follow_plan,bad,2,ok,OnionLettuceSalad|OnionTomatoSoup|AppleOrangeJuice,chop_orange,chop,orange,3,45,0,1,0,26.7,16.2,16.2,0.0,ok,1.0,267,36,0,7,267,27.0,23.2,49.4,0,0,58,Assemble:3|Chop:1|Deliver:3|Mix:1|Pickup:29|Put:21,14.6
experiment,experiment2,1,greedy,bad,0,ok,OnionLettuceSalad|OnionTomatoSoup|AppleOrangeJuice,chop_orange,chop,orange,3,45,0,1,0,26.9,16.2,16.4,0.2,ok,0.2677,269,38,0,9,269,2.6,29.0,68.0,12,0,18,Assemble:1|Chop:1|Deliver:3|Mix:1|Pickup:9|Put:3,19.8
experiment,experiment2,1,random,good,4,ok,OnionLettuceSalad|OnionTomatoSoup|AppleOrangeJuice,chop_tomato,chop,tomato,3,45,0,1,0,28.1,16.2,16.2,0.0,ok,0.2206,281,44,3,8,281,34.5,29.2,35.9,17,0,24,Assemble:1|Chop:2|Deliver:3|Mix:1|Pickup:12|Put:5,20.1
experiment,experiment2,2,follow_plan,good,2,ok,OnionLettuceSalad|OnionTomatoSoup|BananaOrangeJuice,chop_tomato,chop,tomato,3,45,0,1,0,21.9,16.4,16.4,0.0,ok,1.0,219,38,0,8,219,12.3,25.6,61.6,0,0,100,Assemble:1|Chop:1|Deliver:3|Mix:1|Pickup:50|Put:44,12.9
experiment,experiment2,2,greedy,good,0,ok,OnionLettuceSalad|OnionTomatoSoup|BananaOrangeJuice,chop_tomato,chop,tomato,3,45,0,1,0,29.9,16.4,16.4,0.0,ok,0.1806,299,38,0,11,299,0.7,24.1,74.9,12,0,24,Assemble:2|Chop:1|Deliver:3|Mix:1|Pickup:12|Put:5,18.3
experiment,experiment2,2,greedy,random,4,ok,OnionLettuceSalad|OnionTomatoSoup|BananaOrangeJuice,chop_banana,chop,banana,3,45,0,1,0,29.9,16.4,16.4,0.0,ok,0.1806,299,38,0,11,299,0.7,24.1,74.9,12,0,24,Assemble:2|Chop:1|Deliver:3|Mix:1|Pickup:12|Put:5,18.6
experiment,experiment2,2,random,random,2,ok,OnionLettuceSalad|OnionTomatoSoup|BananaOrangeJuice,chop_banana,chop,banana,3,45,0,1,0,27.9,16.4,16.4,0.0,ok,0.5054,279,35,2,8,279,34.8,24.4,40.5,13,0,18,Assemble:1|Chop:2|Deliver:3|Mix:1|Pickup:9|Put:2,18.4
experiment,experiment2,3,follow_plan,random,0,ok,OnionLettuceSalad|TomatoLettuceSoup|AppleBananaJuice,serve_juice_apple_bananajuice,serve_juice,apple-banana juice,0,0,3,0,1,100.0,16.0,16.0,0.0,ok,1.0,1000,133,0,6,1000,98.8,1.1,0.0,0,0,1,Pickup:1,63.0
experiment,experiment2,3,greedy,bad,4,ok,OnionLettuceSalad|TomatoLettuceSoup|AppleBananaJuice,chop_banana,chop,banana,3,45,0,1,0,26.7,16.0,16.0,0.0,ok,0.2622,267,41,0,9,267,2.6,29.2,67.8,12,0,16,Assemble:1|Chop:1|Deliver:3|Mix:1|Pickup:8|Put:2,19.7
experiment,experiment2,3,random,bad,2,ok,OnionLettuceSalad|TomatoLettuceSoup|AppleBananaJuice,chop_banana,chop,banana,3,45,0,1,0,40.3,16.0,16.0,0.0,ok,0.1414,403,55,3,9,403,69.2,19.4,11.2,17,1,22,Assemble:1|Chop:2|Deliver:3|Mix:1|Pickup:11|Put:4,25.7
experiment,experiment2,4,follow_plan,bad,0,ok,OnionLettuceSalad|TomatoLettuceSoup|AppleOrangeJuice,chop_apple,chop,apple,3,45,0,1,0,26.7,16.0,16.0,0.0,ok,1.0,267,37,0,7,267,27.0,23.2,49.4,0,0,56,Assemble:3|Chop:1|Deliver:3|Mix:1|Pickup:28|Put:20,14.2
experiment,experiment2,4,greedy,good,4,ok,OnionLettuceSalad|TomatoLettuceSoup|AppleOrangeJuice,chop_tomato,chop,tomato,3,45,0,1,0,26.7,16.0,16.0,0.0,ok,0.2622,267,41,0,9,267,2.6,29.2,67.8,12,0,16,Assemble:1|Chop:1|Deliver:3|Mix:1|Pickup:8|Put:2,19.3
experiment,experiment2,4,random,good,2,ok,OnionLettuceSalad|TomatoLettuceSoup|AppleOrangeJuice,chop_tomato,chop,tomato,3,45,0,1,0,26.7,16.0,16.0,0.0,ok,0.2697,267,39,1,9,267,10.9,32.2,56.6,12,0,16,Assemble:1|Chop:1|Deliver:3|Mix:1|Pickup:8|Put:2,19.4
experiment,experiment2,5,follow_plan,good,0,ok,OnionLettuceSalad|TomatoLettuceSoup|BananaOrangeJuice,chop_tomato,chop,tomato,3,45,0,1,0,26.9,16.2,16.2,0.0,ok,1.0,269,37,0,7,269,27.5,23.0,49.1,0,0,56,Assemble:3|Chop:1|Deliver:3|Mix:1|Pickup:28|Put:20,14.5
experiment,experiment2,5,follow_plan,random,4,ok,OnionLettuceSalad|TomatoLettuceSoup|BananaOrangeJuice,chop_lettuce,chop,lettuce,3,45,0,1,0,26.9,16.2,16.2,0.0,ok,1.0,269,37,0,7,269,27.5,23.0,49.1,0,0,56,Assemble:3|Chop:1|Deliver:3|Mix:1|Pickup:28|Put:20,15.1
experiment,experiment2,5,greedy,random,2,ok,OnionLettuceSalad|TomatoLettuceSoup|BananaOrangeJuice,chop_lettuce,chop,lettuce,3,45,0,1,0,41.5,16.2,16.2,0.0,ok,0.1157,415,61,0,9,415,1.4,23.4,74.9,17,1,21,Chop:2|Deliver:3|Mix:1|Pickup:11|Put:4,29.6
experiment,experiment2,5,random,random,0,ok,OnionLettuceSalad|TomatoLettuceSoup|BananaOrangeJuice,chop_lettuce,chop,lettuce,0,0,3,0,1,100.0,16.2,16.2,0.0,ok,0.021,1000,138,1,8,1000,96.9,1.8,1.2,2,0,5,Assemble:1|Chop:1|Pickup:3,68.3
experiment,experiment2,6,follow_plan,bad,4,ok,OnionTomatoSalad|OnionLettuceSoup|AppleBananaJuice,chop_banana,chop,banana,3,45,0,1,0,28.3,16.2,16.2,0.0,ok,1.0,283,43,0,6,283,26.1,17.3,56.2,0,0,78,Assemble:3|Chop:1|Deliver:3|Mix:1|Pickup:39|Put:31,14.2
experiment,experiment2,6,greedy,bad,2,ok,OnionTomatoSalad|OnionLettuceSoup|AppleBananaJuice,chop_banana,chop,banana,3,45,0,1,0,30.1,16.2,16.2,0.0,ok,0.1329,301,41,0,11,301,0.7,23.9,75.1,12,0,18,Assemble:2|Chop:1|Deliver:3|Mix:1|Pickup:9|Put:2,18.0
experiment,experiment2,6,random,bad,0,ok,OnionTomatoSalad|OnionLettuceSoup|AppleBananaJuice,chop_banana,chop,banana,3,45,0,1,0,36.5,16.2,16.8,0.6,ok,0.1644,365,43,5,9,365,47.4,31.2,21.1,18,1,24,Assemble:1|Chop:3|Deliver:3|Mix:1|Pickup:12|Put:4,21.6
experiment,experiment2,7,follow_plan,good,4,ok,OnionTomatoSalad|OnionLettuceSoup|AppleOrangeJuice,chop_onion,chop,onion,3,45,0,1,0,28.3,16.2,16.2,0.0,ok,1.0,283,43,0,6,283,26.1,17.3,56.2,0,0,78,Assemble:3|Chop:1|Deliver:3|Mix:1|Pickup:39|Put:31,14.1
experiment,experiment2,7,greedy,good,2,ok,OnionTomatoSalad|OnionLettuceSoup|AppleOrangeJuice,chop_onion,chop,onion,3,45,0,1,0,47.5,16.2,16.2,0.0,ok,0.1158,475,55,0,11,475,0.4,18.5,80.8,14,2,24,Assemble:2|Chop:1|Deliver:3|Mix:1|Pickup:12|Put:5,32.3
experiment,experiment2,7,random,good,0,ok,OnionTomatoSalad|OnionLettuceSoup|AppleOrangeJuice,chop_onion,chop,onion,3,45,0,1,0,34.5,16.2,16.2,0.0,ok,0.2522,345,47,3,16,345,29.9,21.4,48.4,16,2,44,Assemble:2|Chop:2|Deliver:3|Mix:1|Pickup:22|Put:14,20.6
experiment,experiment2,7,random,random,4,ok,OnionTomatoSalad|OnionLettuceSoup|AppleOrangeJuice,cook_lettuce_onionsoup,cook,lettuce-onion soup,3,45,0,1,0,32.3,16.2,16.2,0.0,ok,0.1889,323,47,3,6,323,31.9,22.9,44.9,16,2,22,Assemble:2|Chop:2|Deliver:3|Mix:1|Pickup:11|Put:3,17.6
experiment,experiment2,8,follow_plan,random,2,ok,OnionTomatoSalad|OnionLettuceSoup|BananaOrangeJuice,chop_onion,chop,onion,1,15,2,0,1,100.0,16.4,16.4,0.0,ok,1.0,1000,129,0,6,1000,6.7,4.5,88.7,0,0,872,Assemble:1|Chop:1|Deliver:1|Mix:1|Pickup:437|Put:431,55.0
experiment,experiment2,8,greedy,random,0,ok,OnionTomatoSalad|OnionLettuceSoup|BananaOrangeJuice,chop_onion,chop,onion,3,45,0,1,0,49.6,16.4,16.4,0.0,ok,0.1552,496,59,0,19,496,0.4,16.5,82.9,14,3,42,Assemble:2|Chop:1|Deliver:3|Mix:1|Pickup:21|Put:14,31.7
experiment,experiment2,8,random,bad,4,ok,OnionTomatoSalad|OnionLettuceSoup|BananaOrangeJuice,chop_banana,chop,banana,3,45,0,1,0,28.5,16.4,16.4,0.0,ok,0.5018,285,43,2,6,285,40.0,17.5,42.1,11,1,16,Assemble:2|Chop:1|Deliver:3|Mix:1|Pickup:8|Put:1,16.5
experiment,experiment2,9,follow_plan,bad,2,ok,OnionTomatoSalad|TomatoLettuceSoup|AppleBananaJuice,chop_banana,chop,banana,3,45,0,1,0,26.7,13.7,13.7,0.0,ok,1.0,267,34,0,6,267,25.1,29.2,45.3,0,0,24,Assemble:1|Chop:2|Deliver:3|Mix:1|Pickup:12|Put:5,12.6
experiment,experiment2,9,greedy,bad,0,ok,OnionTomatoSalad|TomatoLettuceSoup|AppleBananaJuice,chop_banana,chop,banana,3,45,0,1,0,27.1,13.7,14.1,0.4,ok,0.4096,271,40,0,8,271,2.6,33.9,63.1,15,0,20,Assemble:1|Chop:2|Deliver:3|Mix:1|Pickup:10|Put:3,17.6
experiment,experiment2,9,random,good,4,ok,OnionTomatoSalad|TomatoLettuceSoup|AppleBananaJuice,chop_tomato,chop,tomato,3,45,0,1,0,35.7,13.7,13.7,0.0,ok,0.5126,357,47,1,7,357,1.7,28.0,70.0,15,1,28,Assemble:3|Chop:2|Deliver:3|Mix:1|Pickup:14|Put:5,22.8
experiment,experiment2,10,follow_plan,good,2,ok,OnionTomatoSalad|TomatoLettuceSoup|AppleOrangeJuice,chop_tomato,chop,tomato,3,45,0,1,0,26.7,13.7,13.7,0.0,ok,1.0,267,34,0,6,267,25.1,29.2,45.3,0,0,24,Assemble:1|Chop:2|Deliver:3|Mix:1|Pickup:12|Put:5,12.6
experiment,experiment2,10,greedy,good,0,ok,OnionTomatoSalad|TomatoLettuceSoup|AppleOrangeJuice,chop_tomato,chop,tomato,3,45,0,1,0,26.7,13.7,13.7,0.0,ok,0.4569,267,39,0,8,267,2.6,34.5,62.5,13,0,24,Assemble:2|Chop:2|Deliver:3|Mix:1|Pickup:12|Put:4,17.6
experiment,experiment2,10,greedy,random,4,ok,OnionTomatoSalad|TomatoLettuceSoup|AppleOrangeJuice,serve_juice_apple_orangejuice,serve_juice,apple-orange juice,3,45,0,1,0,26.7,13.7,13.7,0.0,ok,0.4569,267,39,0,8,267,2.6,34.5,62.5,13,0,24,Assemble:2|Chop:2|Deliver:3|Mix:1|Pickup:12|Put:4,17.6
experiment,experiment2,10,random,random,2,ok,OnionTomatoSalad|TomatoLettuceSoup|AppleOrangeJuice,serve_juice_apple_orangejuice,serve_juice,apple-orange juice,3,45,0,1,0,26.7,13.7,13.7,0.0,ok,0.5918,267,37,2,7,267,0.0,37.5,62.2,16,0,36,Assemble:3|Chop:3|Deliver:3|Mix:1|Pickup:18|Put:8,17.5
experiment,experiment2,11,follow_plan,random,0,ok,OnionTomatoSalad|TomatoLettuceSoup|BananaOrangeJuice,mix_orange_bananajuice,mix,orange-banana juice,0,0,3,0,1,100.0,13.9,16.6,2.7,ok,1.0,1000,37,0,4,1000,4.2,4.3,91.5,0,0,33,Assemble:2|Chop:2|Mix:1|Pickup:17|Put:11,54.2
experiment,experiment2,11,greedy,bad,4,ok,OnionTomatoSalad|TomatoLettuceSoup|BananaOrangeJuice,chop_orange,chop,orange,3,45,0,1,0,26.9,13.9,13.9,0.0,ok,0.4015,269,38,0,8,269,2.6,34.2,62.8,15,0,18,Assemble:1|Chop:2|Deliver:3|Mix:1|Pickup:9|Put:2,17.0
experiment,experiment2,11,random,bad,2,ok,OnionTomatoSalad|TomatoLettuceSoup|BananaOrangeJuice,chop_orange,chop,orange,3,45,0,1,0,30.7,13.9,13.9,0.0,ok,0.2671,307,46,3,8,307,35.8,31.3,32.6,21,0,38,Assemble:2|Chop:3|Deliver:3|Mix:1|Pickup:19|Put:10,20.0
experiment,experiment2,12,follow_plan,bad,0,ok,TomatoLettuceSalad|OnionLettuceSoup|AppleBananaJuice,chop_banana,chop,banana,1,15,2,0,1,100.0,16.0,16.8,0.8,ok,1.0,1000,120,0,6,1000,6.3,4.5,89.1,0,0,876,Assemble:1|Chop:1|Deliver:1|Mix:1|Pickup:439|Put:433,53.9
experiment,experiment2,12,greedy,good,4,ok,TomatoLettuceSalad|OnionLettuceSoup|AppleBananaJuice,chop_onion,chop,onion,3,45,0,1,0,48.1,16.0,16.0,0.0,ok,0.1351,481,57,0,10,481,1.5,17.3,81.1,14,2,19,Assemble:1|Chop:1|Deliver:3|Mix:1|Pickup:10|Put:3,32.7
experiment,experiment2,12,random,good,2,ok,TomatoLettuceSalad|OnionLettuceSoup|AppleBananaJuice,chop_onion,chop,onion,3,45,0,1,0,29.6,16.0,16.2,0.2,ok,0.2027,296,43,0,6,296,0.7,18.2,80.7,11,2,24,Assemble:2|Chop:1|Deliver:3|Mix:1|Pickup:12|Put:5,19.5
experiment,experiment2,13,follow_plan,good,0,ok,TomatoLettuceSalad|OnionLettuceSoup|AppleOrangeJuice,chop_onion,chop,onion,3,45,0,1,0,22.3,16.0,16.2,0.2,ok,1.0,223,45,0,8,223,33.2,27.8,38.6,0,0,68,Assemble:2|Chop:1|Deliver:3|Mix:1|Pickup:34|Put:27,13.5
experiment,experiment2,13,follow_plan,random,4,ok,TomatoLettuceSalad|OnionLettuceSoup|AppleOrangeJuice,serve_juice_apple_orangejuice,serve_juice,apple-orange juice,1,15,2,0,1,100.0,16.0,16.0,0.0,ok,1.0,1000,130,0,6,1000,6.3,4.5,89.1,0,0,876,Assemble:1|Chop:1|Deliver:1|Mix:1|Pickup:439|Put:433,57.0
experiment,experiment2,13,greedy,random,2,ok,TomatoLettuceSalad|OnionLettuceSoup|AppleOrangeJuice,serve_juice_apple_orangejuice,serve_juice,apple-orange juice,3,45,0,1,0,48.1,16.0,16.0,0.0,ok,0.131,481,58,0,10,481,1.9,16.4,81.5,14,2,19,Assemble:1|Chop:1|Deliver:3|Mix:1|Pickup:10|Put:3,33.9
experiment,experiment2,13,random,random,0,ok,TomatoLettuceSalad|OnionLettuceSoup|AppleOrangeJuice,serve_juice_apple_orangejuice,serve_juice,apple-orange juice,3,45,0,1,0,32.3,16.0,16.4,0.4,ok,0.2539,323,39,3,8,323,33.1,26.9,39.6,16,1,62,Assemble:2|Chop:2|Deliver:3|Mix:1|Pickup:31|Put:23,20.7
experiment,experiment2,14,follow_plan,bad,4,ok,TomatoLettuceSalad|OnionLettuceSoup|BananaOrangeJuice,chop_orange,chop,orange,1,15,2,0,1,100.0,16.2,16.2,0.0,ok,1.0,1000,129,0,6,1000,6.5,4.5,88.9,0,0,874,Assemble:1|Chop:1|Deliver:1|Mix:1|Pickup:438|Put:432,57.6
experiment,experiment2,14,greedy,bad,2,ok,TomatoLettuceSalad|OnionLettuceSoup|BananaOrangeJuice,chop_orange,chop,orange,3,45,0,1,0,48.3,16.2,16.2,0.0,ok,0.1429,483,57,0,10,483,1.2,17.6,81.0,14,2,21,Assemble:1|Chop:1|Deliver:3|Mix:1|Pickup:11|Put:4,33.6
experiment,experiment2,14,random,bad,0,ok,TomatoLettuceSalad|OnionLettuceSoup|BananaOrangeJuice,chop_orange,chop,orange,3,45,0,1,0,45.6,16.2,16.6,0.4,ok,0.1754,456,57,3,8,456,46.5,20.6,32.7,15,2,33,Assemble:1|Chop:2|Deliver:3|Mix:1|Pickup:17|Put:9,29.0
experiment,experiment2,15,follow_plan,good,4,ok,TomatoLettuceSalad|OnionTomatoSoup|AppleBananaJuice,chop_tomato,chop,tomato,3,45,0,1,0,25.7,13.7,13.7,0.0,ok,1.0,257,36,0,6,257,13.2,25.7,60.7,0,0,68,Assemble:3|Chop:2|Deliver:3|Mix:1|Pickup:34|Put:25,14.0
experiment,experiment2,15,greedy,good,2,ok,TomatoLettuceSalad|OnionTomatoSoup|AppleBananaJuice,chop_tomato,chop,tomato,3,45,0,1,0,37.8,13.7,13.7,0.0,ok,0.2354,378,40,0,9,378,0.5,26.5,72.8,18,1,30,Assemble:3|Chop:3|Deliver:3|Mix:1|Pickup:15|Put:5,24.1
experiment,experiment2,15,random,good,0,ok,TomatoLettuceSalad|OnionTomatoSoup|AppleBananaJuice,chop_tomato,chop,tomato,3,45,0,1,0,58.6,13.7,13.7,0.0,ok,0.2491,586,70,4,9,586,65.9,15.4,18.6,19,3,78,Assemble:2|Chop:3|Deliver:3|Mix:1|Pickup:39|Put:30,38.2
experiment,experiment2,15,random,random,4,ok,TomatoLettuceSalad|OnionTomatoSoup|AppleBananaJuice,chop_onion,chop,onion,3,45,0,1,0,58.6,13.7,13.7,0.0,ok,0.2491,586,70,4,9,586,65.9,15.4,18.6,19,3,78,Assemble:2|Chop:3|Deliver:3|Mix:1|Pickup:39|Put:30,38.1
experiment,experiment2,16,follow_plan,random,2,ok,TomatoLettuceSalad|OnionTomatoSoup|AppleOrangeJuice,chop_lettuce,chop,lettuce,3,45,0,1,0,25.7,13.7,13.7,0.0,ok,1.0,257,36,0,6,257,13.2,25.7,60.7,0,0,68,Assemble:3|Chop:2|Deliver:3|Mix:1|Pickup:34|Put:25,12.7
experiment,experiment2,16,greedy,random,0,ok,TomatoLettuceSalad|OnionTomatoSoup|AppleOrangeJuice,chop_lettuce,chop,lettuce,3,45,0,1,0,37.8,13.7,13.7,0.0,ok,0.2354,378,40,0,9,378,0.5,26.5,72.8,18,1,30,Assemble:3|Chop:3|Deliver:3|Mix:1|Pickup:15|Put:5,22.9
experiment,experiment2,16,random,bad,4,ok,TomatoLettuceSalad|OnionTomatoSoup|AppleOrangeJuice,chop_apple,chop,apple,3,45,0,1,0,57.5,13.7,13.7,0.0,ok,0.1565,575,68,5,9,575,69.6,14.6,15.7,22,3,28,Assemble:2|Chop:3|Deliver:3|Mix:1|Pickup:14|Put:5,35.8
experiment,experiment2,17,follow_plan,bad,2,ok,TomatoLettuceSalad|OnionTomatoSoup|BananaOrangeJuice,chop_banana,chop,banana,3,45,0,1,0,25.9,13.9,13.9,0.0,ok,1.0,259,38,0,6,259,13.9,25.5,60.2,0,0,68,Assemble:3|Chop:2|Deliver:3|Mix:1|Pickup:34|Put:25,12.0
experiment,experiment2,17,greedy,bad,0,ok,TomatoLettuceSalad|OnionTomatoSoup|BananaOrangeJuice,chop_banana,chop,banana,3,45,0,1,0,38.4,13.9,14.3,0.4,ok,0.1693,384,39,0,10,384,0.5,29.2,70.1,20,1,28,Assemble:2|Chop:3|Deliver:3|Mix:1|Pickup:14|Put:5,21.5
experiment,experiment2,17,random,good,4,ok,TomatoLettuceSalad|OnionTomatoSoup|BananaOrangeJuice,chop_tomato,chop,tomato,3,45,0,1,0,48.2,13.9,13.9,0.0,ok,0.1805,482,56,4,9,482,59.1,17.4,23.2,20,2,30,Assemble:3|Chop:3|Deliver:3|Mix:1|Pickup:15|Put:5,26.6
